,App,percentage of null values,unpopular app
0,10 Best Foods for You,3.0,False
1,104 ÊâæÂ∑•‰Ωú - ÊâæÂ∑•‰Ωú ÊâæÊâìÂ∑• ÊâæÂÖºËÅ∑ Â±•Ê≠∑ÂÅ•Ê™¢ Â±•Ê≠∑Ë®∫ÁôÇÂÆ§,0.0,False
2,11st,2.5,False
3,1800 Contacts - Lens Store,0.0,False
4,1LINE ‚Äì One Line with One Touch,5.0,False
5,2018Emoji Keyboard üòÇ Emoticons Lite -sticker&gif,20.0,False
6,21-Day Meditation Experience,0.0,False
7,"2Date Dating App, Love and matching",5.0,False
8,2GIS: directory & navigator,0.0,False
9,2RedBeans,2.5,False
10,2ndLine - Second Phone Number,0.0,False
11,30 Day Fitness Challenge - Workout at Home,22.5,False
12,365Scores - Live Scores,82.5,True
13,3D Blue Glass Water Keyboard Theme,100.0,True
14,3D Color Pixel by Number - Sandbox Art Coloring,100.0,True
15,3D Live Neon Weed Launcher,95.0,True
16,4 in a Row,80.0,True
17,4K Wallpapers and Ultra HD Backgrounds,77.5,True
18,591ÊàøÂ±ã‰∫§Êòì-ÁßüÂ±ã„ÄÅ‰∏≠Âè§Â±ã„ÄÅÊñ∞Âª∫Ê°à„ÄÅÂØ¶ÂÉπÁôªÈåÑ„ÄÅÂà•Â¢ÖÈÄèÂ§©„ÄÅÂÖ¨ÂØìÂ•óÊàø„ÄÅÊç∑ÈÅã„ÄÅË≤∑ÊàøË≥£ÊàøË°åÊÉÖ„ÄÅÊàøÂÉπÊàøË≤∏Êü•Ë©¢,62.5,False
19,591ÊàøÂ±ã‰∫§Êòì-È¶ôÊ∏Ø,76.32,True
20,7 Cups: Anxiety & Stress Chat,80.0,True
21,7 Day Food Journal Challenge,77.5,True
22,7 Minute Workout,72.5,True
23,7 Weeks - Habit & Goal Tracker,65.0,False
24,8 Ball Pool,27.0,False
25,850 Sports News Digest,2.5,False
26,8fit Workouts & Meal Planner,5.0,False
27,95Live -SG#1 Live Streaming App,2.5,False
28,A Call From Santa Claus!,57.5,False
29,A Manual of Acupuncture,100.0,True
30,A Word A Day,90.0,True
31,A&E - Watch Full Episodes of TV Shows,68.33,False
32,A+ Gallery - Photos & Videos,59.0,False
33,A+ Mobile,16.0,False
34,ABC Kids - Tracing & Phonics,7.5,False
35,ABC News - US & World News,12.5,False
36,ABC Preschool Free,10.0,False
37,ABCmouse.com,10.0,False
38,AC - Tips & News for Android‚Ñ¢,12.5,False
39,ACE Elite,17.5,False
40,"AD - Nieuws, Sport, Regio & Entertainment",52.5,False
41,ADP Mobile Solutions,100.0,True
42,ADW Launcher 2,100.0,True
43,AMC Theatres,85.0,True
44,ANA,32.5,False
45,"AOL - News, Mail & Video",17.5,False
46,AP Mobile - Breaking News,10.0,False
47,APE Weather ( Live Forecast),17.5,False
48,"APUS Launcher - Theme, Wallpaper, Hide Apps",22.5,False
49,ARY NEWS,17.5,False
50,ARY NEWS URDU,15.0,False
51,ASOS,17.5,False
52,ASUS Calling Screen,40.0,False
53,ASUS Cover for ZenFone 2,85.0,True
54,ASUS Gallery,100.0,True
55,ASUS Quick Memo,95.0,True
56,ASUS Sound Recorder,60.0,False
57,ASUS SuperNote,42.5,False
58,"AT&T Navigator: Maps, Traffic",27.5,False
59,AT&T Smart Wi-Fi,50.0,False
60,AT&T Visual Voicemail,37.5,False
61,"AVG Cleaner ‚Äì Speed, Battery & Memory Booster",12.5,False
62,Abs Training-Burn belly fat,10.0,False
63,Account Manager,17.5,False
64,Accounting App - Zoho Books,11.25,False
65,AccuWeather: Daily Forecast & Live Weather Reports,20.0,False
66,Acorn TV: World-class TV from Britain and Beyond,42.5,False
67,Acorns - Invest Spare Change,93.75,True
68,Acupuncture Assistant,100.0,True
69,AdWords Express,37.5,False
70,Ada - Your Health Guide,21.25,False
71,Add Text To Photo,15.0,False
72,Adobe Acrobat Reader,10.0,False
73,Adobe Photoshop Express:Photo Editor Collage Maker,47.5,False
74,Adult Dating - AdultFinder,100.0,True
75,Adult Glitter Color by Number Book - Sandbox Pages,100.0,True
76,Advanced Task Killer,62.5,False
77,Agar.io,32.0,False
78,Age Calculator,20.0,False
79,Agoda ‚Äì Hotel Booking Deals,12.5,False
80,Air Traffic,45.0,False
81,AirAsia,47.5,False
82,AirBrush: Easy Photo Editor,76.0,True
83,Airbnb,48.33,False
84,Airport + Flight Tracker Radar,45.0,False
85,Airway Ex - Intubate. Anesthetize. Train.,2.5,False
86,Akinator,5.0,False
87,AlReader -any text book reader,2.5,False
88,Alarm Clock,10.0,False
89,Alarm Clock Free,15.0,False
90,Alfred Home Security Camera,25.0,False
91,"AliExpress - Smarter Shopping, Better Living",62.5,False
92,All Email Providers,87.5,True
93,All Events in City,37.5,False
94,All Football - Latest News & Videos,20.0,False
95,"All Football GO- Live Score, Games",10.0,False
96,All Language Translator Free,25.0,False
97,All Maths Formulas,17.5,False
98,All Mental disorders,18.75,False
99,All Social Networks,15.0,False
100,All Video Downloader 2018,15.0,False
101,"All-In-One Toolbox: Cleaner, Booster, App Manager",45.0,False
102,All-in-One Mahjong 3 FREE,97.5,True
103,"AllTrails: Hiking, Running & Mountain Bike Trails",100.0,True
104,Allegiant,92.5,True
105,Allrecipes Dinner Spinner,52.5,False
106,Alto's Adventure,12.5,False
107,Amazon Drive,10.0,False
108,"Amazon FreeTime ‚Äì Kids‚Äô Videos, Books, & TV shows",12.5,False
109,Amazon Kindle,16.43,False
110,Amazon Prime Video,95.0,True
111,Amazon Shopping,75.0,True
112,Amazon for Tablets,50.0,False
113,American Airlines,46.25,False
114,Amex Mobile,10.0,False
115,Amino: Communities and Chats,12.5,False
116,Amtrak,2.5,False
117,Anatomy Learning - 3D Atlas,10.0,False
118,Ancestry,7.5,False
119,AndroZip‚Ñ¢ FREE File Manager,2.5,False
120,"Android Auto - Maps, Media, Messaging & Voice",22.5,False
121,Android Messages,46.25,False
122,Anger of stick 5 : zombie,97.0,True
123,Angry Birds 2,27.5,False
124,Angry Birds Classic,14.69,False
125,Angry Birds Rio,67.5,False
126,Animal Jam - Play Wild!,100.0,True
127,Animal Planet GO,47.5,False
128,Animated Photo Editor,12.5,False
129,Anime Avatar Creator: Make Your Own Avatar,30.0,False
130,Anime Manga Coloring Book,40.0,False
131,Anthem Anywhere,18.75,False
132,Anthem BC Anywhere,22.5,False
133,"Any.do: To-do list, Calendar, Reminders & Planner",45.56,False
134,Apartment Decorating Ideas,97.5,True
135,"Apartment List: Housing, Apt, and Property Rentals",41.25,False
136,"Apartment, Home Rental Search: Realtor.com Rentals",37.5,False
137,Apartments & Rentals - Zillow,45.0,False
138,Apartments.com Rental Search,13.75,False
139,Apex Launcher,25.0,False
140,Apk Installer,32.5,False
141,App vault,73.75,True
142,AppLock,67.5,False
143,AppLock - Fingerprint,52.5,False
144,Apple Daily ËòãÊûúÂãïÊñ∞ËÅû,15.0,False
145,Aprender ingl√©s con Wlingua,30.0,False
146,Archos File Manager,22.5,False
147,Arrow.io,5.0,False
148,Asana: organize team projects,46.25,False
149,Ascape VR: 360¬∞ Virtual Travel,55.0,False
150,Asphalt 8: Airborne,27.0,False
151,Associated Credit Union Mobile,12.5,False
152,Asteroids 3D live wallpaper,22.5,False
153,Atlan3D Navigation: Korea navigator,10.0,False
154,AutoCAD - DWG Viewer & Editor,10.0,False
155,AutoScout24 Switzerland ‚Äì Find your new car,63.0,False
156,Avakin Life - 3D virtual world,31.0,False
157,Aviary Effects: Classic,7.5,False
158,Aviary Stickers: Free Pack,7.5,False
159,Azar,8.0,False
160,Azpen eReader,28.12,False
161,B612 - Beauty & Filter Camera,80.0,True
162,BBC Media Player,40.0,False
163,BBC News,47.5,False
164,BBC Sport,38.75,False
165,BBM - Free Calls & Messages,12.5,False
166,BBVA Compass Banking,27.5,False
167,BBVA Spain,17.5,False
168,BBW Dating & Curvy Singles Chat- LargeFriends,6.25,False
169,BBW Dating & Plus Size Chat,7.5,False
170,BBWCupid - BBW Dating App,2.5,False
171,BELONG Beating Cancer Together,5.0,False
172,BEST CAR SOUNDS,13.95,False
173,BET NOW - Watch Shows,10.0,False
174,BEYBLADE BURST app,10.0,False
175,BIG Launcher,0.0,False
176,BLK - Swipe. Match. Chat.,0.0,False
177,BZWBK24 mobile,42.5,False
178,BaBe - Baca Berita,62.5,False
179,BaBe Lite - Baca Berita Hemat Kuota,67.5,False
180,BaBe+ - Berita Indonesia,50.0,False
181,Babbel ‚Äì Learn Languages,60.0,False
182,Babbel ‚Äì Learn Spanish,2.5,False
183,Baby ABC in box! Kids alphabet games for toddlers!,7.5,False
184,Baby Monitor,12.5,False
185,Baby Name Together,7.5,False
186,Baby Panda Care,37.5,False
187,Baby Panda Learns Shapes,7.5,False
188,Baby Panda Musical Genius,7.5,False
189,Baby Panda‚Äôs Juice Shop,92.5,True
190,Baby Sleep: White noise lullabies for newborns,100.0,True
191,Baby Tiger Care - My Cute Virtual Pet Friend,77.5,True
192,Baby puzzles,15.0,False
193,"Baca- Berita Terbaru, Informasi, Gosip dan Politik",17.5,False
194,Backgrounds (HD Wallpapers),25.0,False
195,Backgrounds HD (Wallpapers),25.0,False
196,BaconReader for Reddit,17.5,False
197,Bad Piggies,23.0,False
198,Badoo - Free Chat & Dating App,0.0,False
199,Bagan - Myanmar Keyboard,20.0,False
200,Banco Ita√∫,0.0,False
201,Banco do Brasil,0.0,False
202,Bancomer m√≥vil,0.0,False
203,Banfield Pet Health Tracker,0.0,False
204,Bangla Newspaper ‚Äì Prothom Alo,5.0,False
205,Banjo,2.5,False
206,Bank of America Mobile Banking,20.0,False
207,BankMobile Vibe App,42.5,False
208,Banorte Movil,35.0,False
209,Banque Populaire,55.0,False
210,Barbie Life‚Ñ¢,52.5,False
211,Barbie Magical Fashion,22.5,False
212,Barbie‚Ñ¢ Fashion Closet,3.75,False
213,Barclays US for Android,0.0,False
214,Barcode Scanner,7.5,False
215,Baritastic - Bariatric Tracker,0.0,False
216,Baseball Boy!,0.0,False
217,Basketball FRVR - Shoot the Hoop and Slam Dunk!,12.5,False
218,Basketball Stars,11.0,False
219,Bathroom Decorating Ideas,0.0,False
220,Battlelands Royale,11.0,False
221,Be A Legend: Soccer,2.0,False
222,BeSoccer - Soccer Live Score,10.0,False
223,BeWild Free Dating & Chat App,5.0,False
224,Beautiful Design Birthday Cake,10.0,False
225,Beautiful Widgets Free,0.0,False
226,Beautiful Widgets Pro,7.5,False
227,Beauty Camera - Selfie Camera,10.0,False
228,Beauty Makeup Snappy Collage Photo Editor - Lidow,90.0,True
229,Beauty Makeup ‚Äì Photo Makeover,100.0,True
230,Beauty Selfie Camera,100.0,True
231,BeautyPlus - Easy Photo Editor & Selfie Camera,97.5,True
232,Bed Time Fan - White Noise Sleep Sounds,97.5,True
233,Bedroom Decorating Ideas,100.0,True
234,Been Together (Ad) - D-day,100.0,True
235,Best Buy,100.0,True
236,Best Car Wallpapers,97.0,True
237,Best Fiends - Free Puzzle Game,98.75,True
238,Best New Ringtones 2018 Free üî• For Android‚Ñ¢,100.0,True
239,Best Ovulation Tracker Fertility Calendar App Glow,97.5,True
240,"Best Wallpapers Backgrounds(100,000+ 4K HD)",75.0,True
241,Best Wallpapers QHD,12.5,False
242,"BestCam Selfie-selfie, beauty camera, photo editor",1.0,False
243,BetterMe: Weight Loss Workouts,7.5,False
244,Betterment,0.0,False
245,BeyondMenu Food Delivery,5.0,False
246,BeyondPod Podcast Manager,0.0,False
247,Bible,3.0,False
248,Big Days - Events Countdown,10.0,False
249,"BigOven Recipes, Meal Planner, Grocery List & More",0.0,False
250,"BiggerCity: Chat for gay bears, chubs & chasers",0.0,False
251,Bike Computer - GPS Cycling Tracker,2.5,False
252,Binaural Beats Meditation,0.0,False
253,Binaural Beats Therapy,2.5,False
254,BioLife Plasma Services,2.5,False
255,Birdays ‚Äì Birthday reminder,7.5,False
256,Birds Sounds Ringtones & Wallpapers,7.5,False
257,Black People Meet Singles Date,65.0,False
258,"Black Wallpaper, AMOLED, Dark Background: Darkify",100.0,True
259,Black White Interracial Dating - Interracial Match,100.0,True
260,Blackpink as if it's your last,100.0,True
261,"Bleacher Report: sports news, scores, & highlights",100.0,True
262,"Blendr - Chat, Flirt & Meet",100.0,True
263,Blibli.com Belanja Online,100.0,True
264,Blidz - Hunt Free Deals On Trending Items!,100.0,True
265,Blinkist - Nonfiction Books,100.0,True
266,Blitzer.de,100.0,True
267,Block Craft 3D: Building Simulator Games For Free,100.0,True
268,Block Puzzle,30.0,False
269,Block Puzzle Classic Legend !,10.0,False
270,Blogaway for Android (Blogger),10.0,False
271,Blogger,5.0,False
272,Bloglovin',2.5,False
273,Blood Donor,2.5,False
274,Blood Pressure,2.5,False
275,Blood Pressure Log - MyDiary,0.0,False
276,Blood Pressure(BP) Diary,0.0,False
277,Bloomberg Professional,0.0,False
278,Bloomberg: Market & Financial News,0.0,False
279,Blossom Blast Saga,10.0,False
280,BluTV,37.5,False
281,Blue CareOnDemand,100.0,True
282,BlueJeans for Android,100.0,True
283,Bluebird by American Express,100.0,True
284,Blur Image Background,72.5,True
285,Blur Image Background Editor (Blur Photo Editor),2.5,False
286,Booking.com Travel Deals,0.0,False
287,Bowmasters,2.5,False
288,Box,2.5,False
289,Boxed Wholesale,0.0,False
290,Boys Photo Editor - Six Pack & Men's Suit,5.0,False
291,Brain Waves - Binaural Beats,0.0,False
292,Branch,0.0,False
293,Brasileir√£o Pro 2018 - S√©rie A e B,0.0,False
294,"Breaking News, Local news, Attacks and Alerts Free",32.5,False
295,Breathing Zone,100.0,True
296,Bricks n Balls,100.0,True
297,Brightest Flashlight - LED Light,100.0,True
298,Brightest Flashlight Free ¬Æ,87.5,True
299,Brightest LED Flashlight,60.0,False
300,Brilliant,65.0,False
301,Brit + Co,60.0,False
302,British Airways,45.0,False
303,Browser 4G,15.0,False
304,Bualuang mBanking,15.0,False
305,Bubble Shooter,44.23,False
306,Bubble Shooter 2,86.25,True
307,Bubble Shooter Genies,75.0,True
308,Bubble Shooter Space,40.0,False
309,Bubble Witch 3 Saga,22.5,False
310,Buienradar - weer,12.5,False
311,Build a Bridge!,14.0,False
312,Bukalapak - Jual Beli Online,22.5,False
313,BukuBayi - Perkembangan Bayi,35.0,False
314,Burner - Free Phone Number,85.0,True
315,Bus Rush: Subway Edition,100.0,True
316,Buscap√© - Ofertas e descontos,92.5,True
317,Business Calendar 2,37.5,False
318,Butterfly Live Wallpaper,30.0,False
319,Buzz Launcher-Smart&Free Theme,10.0,False
320,"BuzzFeed: News, Tasty, Quizzes",11.25,False
321,"B√ÅO M·ªöI - ƒê·ªçc B√°o, Tin T·ª©c 24h",15.0,False
322,C Programming,12.5,False
323,C++ Programming,10.0,False
324,C++ Tutorials,10.0,False
325,CAIXA,15.0,False
326,CALCU‚Ñ¢ Stylish Calculator Free,5.0,False
327,CATS: Crash Arena Turbo Stars,43.0,False
328,CBS - Full Episodes & Live TV,100.0,True
329,CBS News,97.5,True
330,"CBS Sports App - Scores, News, Stats & Watch Live",40.0,False
331,CBS Sports Fantasy,32.5,False
332,CDL Practice Test 2018 Edition,40.0,False
333,CIA - Caller ID & Call Blocker,65.0,False
334,"CM Browser - Ad Blocker , Fast Download , Privacy",95.0,True
335,CM FILE MANAGER HD,100.0,True
336,"CM Flashlight (Compass, SOS)",90.0,True
337,"CM Launcher 3D - Theme, Wallpapers, Efficient",55.0,False
338,CM Locker - Security Lockscreen,14.0,False
339,CMB Free Dating App,11.25,False
340,CNBC: Breaking Business News & Live Market Data,7.5,False
341,CNN Breaking US & World News,6.67,False
342,COOKING MAMA Let's Cook!,10.0,False
343,CVS Caremark,2.5,False
344,CW Seed,10.0,False
345,CWT To Go,5.0,False
346,Cache Cleaner-DU Speed Booster (booster & cleaner),35.0,False
347,Caf - Mon Compte,96.97,True
348,Calculator,100.0,True
349,Calculator ++,100.0,True
350,"Calculator - free calculator ,multi calculator app",100.0,True
351,"Calculator - free calculator, multi calculator app",90.0,True
352,Calculator - unit converter,97.5,True
353,Calculator Plus Free,95.0,True
354,Calculator with Percent (Free),95.0,True
355,Calendar Widget Month + Agenda,95.0,True
356,Calendar+ Schedule Planner App,97.5,True
357,Call Blocker,96.25,True
358,Call Control - Call Blocker,92.5,True
359,Call Free ‚Äì Free Call,100.0,True
360,Call of Duty:Black Ops Zombies,92.5,True
361,"CallApp: Caller ID, Blocker & Phone Call Recorder",97.5,True
362,Caller ID +,97.5,True
363,Calls & Text by Mo+,92.5,True
364,Calls Blacklist - Call Blocker,92.5,True
365,"Calm - Meditate, Sleep, Relax",18.75,False
366,Calorie Counter & Diet Tracker,3.57,False
367,Calorie Counter - EasyFit free,7.5,False
368,Calorie Counter - Macros,0.0,False
369,Calorie Counter - MyFitnessPal,2.31,False
370,Calorie Counter - MyNetDiary,30.5,False
371,Calorie Counter by FatSecret,100.0,True
372,Camera FV-5,100.0,True
373,Camera FV-5 Lite,100.0,True
374,Camera MX - Free Photo & Video Camera,100.0,True
375,Camera ZOOM FX - FREE,100.0,True
376,Camera for Android,100.0,True
377,Camera360 Lite - Selfie Camera,100.0,True
378,Camera360: Selfie Photo Editor with Funny Sticker,100.0,True
379,Camera51 - a smarter camera,100.0,True
380,Cameringo Lite. Filters Camera,88.75,True
381,Candy Bomb,10.0,False
382,"Candy Camera - selfie, beauty camera, photo editor",5.0,False
383,Candy Crush Jelly Saga,8.75,False
384,Candy Crush Saga,0.0,False
385,Candy Crush Soda Saga,7.78,False
386,Candy Day,5.0,False
387,Candy Pop Story,0.0,False
388,Candy Smash,0.0,False
389,"Candy selfie - photo editor, live filter camera",17.5,False
390,"Canva: Poster, banner, card maker & graphic design",5.0,False
391,Canvas Student,90.0,True
392,Capital One¬Æ Mobile,100.0,True
393,Capitec Remote Banking,100.0,True
394,CarMax ‚Äì Cars for Sale: Search Used Car Inventory,100.0,True
395,Card Wars - Adventure Time,100.0,True
396,Cardboard,100.0,True
397,CareZone,100.0,True
398,"Carousell: Snap-Sell, Chat-Buy",100.0,True
399,Cars: Lightning League,100.0,True
400,Cartoon Network App,100.0,True
401,Cash App,100.0,True
402,"Cash, Inc. Money Clicker Game & Business Adventure",100.0,True
403,Castle Clash: Heroes of the Empire US,100.0,True
404,Castlight Mobile,100.0,True
405,Casual Dating & Adult Singles - Joyride,100.0,True
406,Cat Sim Online: Play with Cats,39.0,False
407,Caviar - Food Delivery,2.5,False
408,Chakra Cleansing,0.0,False
409,Championat,0.0,False
410,Chapters: Interactive Stories,5.0,False
411,Chase Mobile,0.0,False
412,"Chat Rooms, Avatars, Date - Galaxy",7.5,False
413,ChatVideo Meet new people,7.5,False
414,Cheap Flights & Hotels momondo,2.5,False
415,Cheap hotel deals and discounts ‚Äî Hotellook,2.5,False
416,"CheapTickets ‚Äì Hotels, Flights & Travel Deals",7.5,False
417,Cheapflights ‚Äì Flight Search,2.5,False
418,CheckPoints üèÜ Rewards App,0.0,False
419,Checkers ‚úîÔ∏è,10.0,False
420,Checkout 51: Grocery coupons,78.33,True
421,ChefTap Recipes & Grocery List,100.0,True
422,Chefkoch - Rezepte & Kochen,100.0,True
423,Chegg Study - Homework Help,100.0,True
424,Chess Free,100.0,True
425,Chess PRO Free,100.0,True
426,Chess School for Beginners,100.0,True
427,Chess for Kids - Play & Learn,100.0,True
428,Chicago Tribune,100.0,True
429,Chick-fil-A,100.0,True
430,Chictopia,100.0,True
431,Chilindo,100.0,True
432,Chime - Mobile Banking,100.0,True
433,"Chispa, the Dating App for Latino, Latina Singles",100.0,True
434,Choice Hotels,75.0,True
435,Choices: Stories You Play,2.5,False
436,Christian Dating For Free App,5.0,False
437,Chrome Beta,5.0,False
438,Chrome Dev,2.5,False
439,Cinemark Theatres,0.0,False
440,Cisco Webex Meetings,2.5,False
441,Cisco Webex Teams,0.0,False
442,Citi Mobile¬Æ,0.0,False
443,Citibanamex Movil,2.5,False
444,Citizens Bank Mobile Banking,2.5,False
445,CityMaps2Go Plan Trips Travel Guide Offline Maps,0.0,False
446,Claro,0.0,False
447,Clash Royale,8.33,False
448,Clash of Clans,81.67,True
449,ClassDojo,100.0,True
450,Classic Calculator,100.0,True
451,Classical music for baby,100.0,True
452,ClearCareGo Caregiver,100.0,True
453,ClickMeeting Webinars,100.0,True
454,Cloud Print,100.0,True
455,Clover Dating App,100.0,True
456,"Club Factory Everything, Unbeaten Price",100.0,True
457,Clue,100.0,True
458,Collage&Add Stickers papelook,100.0,True
459,"Color Call - Caller Screen, LED Flash",100.0,True
460,Color Flashlight,72.5,True
461,Color Road,7.5,False
462,Color Touch Effects,5.0,False
463,Color by Number - Draw Sandbox Pixel Art,8.0,False
464,Color by Number ‚Äì New Coloring Book,7.5,False
465,ColorFil - Adult Coloring Book,20.0,False
466,ColorNote Notepad Notes,6.43,False
467,ColorSnap¬Æ Visualizer,2.5,False
468,Colorfit - Drawing & Coloring,5.0,False
469,Colorful Glitter Neon Butterfly Keyboard Theme,20.0,False
470,Colorfy: Coloring Book for Adults - Free,5.0,False
471,Coloring & Learn,5.0,False
472,Coloring book moana,24.14,False
473,Comedy Central,0.0,False
474,Common Core,80.0,True
475,CompTIA A+ Pocket Prep,100.0,True
476,CompTIA Exam Training,100.0,True
477,Compass,100.0,True
478,Comptia A+ 220-901 & 220-902,57.97,False
479,ConnectLine,5.0,False
480,Contacts,5.0,False
481,Contacts+,5.0,False
482,Content Transfer,0.0,False
483,ConvertPad - Unit Converter,0.0,False
484,Cookbook Recipes,7.5,False
485,Cooking Channel,2.5,False
486,Cooking Fever,3.57,False
487,Cooking Madness - A Chef's Restaurant Games,7.5,False
488,Cookpad,10.0,False
489,Cool Popular Ringtones 2018 üî•,10.0,False
490,Cool Reader,5.0,False
491,Couch to 10K Running Trainer,0.0,False
492,Couch to 5K by RunDouble,2.5,False
493,Couchsurfing Travel App,2.5,False
494,Cougar Dating Life : Date Older Women Sugar Mummy,2.5,False
495,Couple - Relationship App,71.25,True
496,Coupon Sherpa,100.0,True
497,Coupons.com ‚Äì Grocery Coupons & Cash Back Savings,100.0,True
498,Coursera: Online courses,100.0,True
499,Cover Fire: offline shooting games for free,100.0,True
500,Cozi Family Organizer,100.0,True
501,CppDroid - C/C++ IDE,100.0,True
502,Crackle - Free TV & Movies,100.0,True
503,Crazy Colors: Bubbles Matching,100.0,True
504,Create A Superhero HD,100.0,True
505,Creative Ideas - DIY & Craft,100.0,True
506,Credit Karma,56.25,False
507,Credit Sesame,5.0,False
508,CreditWise from Capital One,5.0,False
509,Crew - Free Messaging and Scheduling,0.0,False
510,Cricbuzz - Live Cricket Scores & News,5.0,False
511,Cricket Visual Voicemail,0.0,False
512,Crossy Road,9.0,False
513,Crunchyroll - Everything Anime,0.0,False
514,Current debit card and app made for teens,0.0,False
515,Curriculum vitae App CV Builder Free Resume Maker,5.0,False
516,Curso de Ingles Gratis,7.5,False
517,Cut the Rope 2,10.0,False
518,Cut the Rope FULL FREE,65.0,False
519,Cute Pet Puppies,100.0,True
520,Cute wallpapers & kawaii backgrounds images,100.0,True
521,Cycling - Bike Tracker,37.5,False
522,"Cymera Camera- Photo Editor, Filter,Collage,Layout",35.0,False
523,Czech Public Transport IDOS,30.0,False
524,DC Comics,12.5,False
525,DC Super Hero Girls‚Ñ¢,15.0,False
526,DEAD TARGET: FPS Zombie Apocalypse Survival Games,47.92,False
527,DEER HUNTER 2018,97.0,True
528,DELISH KITCHEN - ÁÑ°Êñô„É¨„Ç∑„ÉîÂãïÁîª„ÅßÊñôÁêÜ„ÇíÊ•Ω„Åó„Åè„ÉªÁ∞°Âçò„Å´ÔºÅ,37.5,False
529,DINO HUNTER: DEADLY SHORES,8.0,False
530,DIY Garden Ideas,15.0,False
531,DIY On A Budget,17.5,False
532,DMV Permit Practice Test 2018 Edition,15.0,False
533,DRAGON BALL LEGENDS,7.22,False
534,DSLR Camera Hd Ultra Professional,5.0,False
535,DStv Now,2.5,False
536,DU Browser‚ÄîBrowse fast & fun,0.0,False
537,"DU Recorder ‚Äì Screen Recorder, Video Editor, Live",42.0,False
538,DaBang - Rental Homes in Korea,100.0,True
539,Daily Mail Online,100.0,True
540,Daily Manga - Comic & Webtoon,100.0,True
541,Daily Workouts - Exercise Fitness Routine Trainer,97.5,True
542,Daily Yoga - Yoga Fitness Plans,90.0,True
543,"Dailyhunt (Newshunt) - Latest News, Viral Videos",90.0,True
544,Dairy Queen,92.5,True
545,Daniel Tiger for Parents,92.5,True
546,DashClock Widget,97.5,True
547,Dashlane Free Password Manager,95.0,True
548,"Dating App, Flirt & Chat : W-Match",85.0,True
549,Dating for 50 plus Mature Singles ‚Äì FINALLY,91.25,True
550,Daum Mail - Îã§Ïùå Î©îÏùº,87.5,True
551,Davis's Drug Guide,92.5,True
552,Davis's Drug Guide for Nurses,92.5,True
553,Debonairs Pizza,85.0,True
554,Deep Sleep and Relax Hypnosis,100.0,True
555,"Delivery Club‚Äì–î–æ—Å—Ç–∞–≤–∫–∞ –µ–¥—ã:–ø–∏—Ü—Ü–∞,—Å—É—à–∏,–±—É—Ä–≥–µ—Ä,—Å–∞–ª–∞—Ç",40.0,False
556,Delta Dental,0.0,False
557,Despegar.com Hoteles y Vuelos,2.5,False
558,Detector de Radares Gratis,0.0,False
559,Device Help,7.5,False
560,Diabetes & Diet Tracker,7.5,False
561,Diabetes:M,2.5,False
562,Diamond Zipper Lock Screen,15.0,False
563,Diary with lock,29.29,False
564,Diary with lock password,48.0,False
565,Dice With Buddies‚Ñ¢ Free - The Fun Social Dice Game,100.0,True
566,Dictionary - Merriam-Webster,80.0,True
567,Die TK-App ‚Äì alles im Griff,32.5,False
568,Digg,17.5,False
569,DigiCal Calendar Agenda,42.5,False
570,Digit Save Money Automatically,30.0,False
571,Digital Alarm Clock,29.0,False
572,Dil Mil,15.0,False
573,Dino War: Rise of Beasts,32.5,False
574,Dinosaur Simulator: Dino World,67.5,False
575,Discover Mobile,97.5,True
576,Disney Crossy Road,100.0,True
577,Disney Heroes: Battle Mode,95.0,True
578,Disney Magic Kingdoms: Build Your Own Magical Park,41.25,False
579,DisneyNOW ‚Äì TV Shows & Games,21.25,False
580,Divar,7.5,False
581,Do It Later: Tasks & To-Dos,15.0,False
582,Docs To Go‚Ñ¢ Free Office Suite,10.0,False
583,Doctor On Demand,10.0,False
584,Doctor Pets,20.0,False
585,Dog Licks Screen Wallpaper,15.0,False
586,Dog Run - Pet Dog Simulator,39.17,False
587,Dog Sim Online: Raise a Family,90.0,True
588,Dollhouse Decorating Games,100.0,True
589,"Dolphin Browser - Fast, Private & Adblocküê¨",100.0,True
590,Dolphins Live Wallpaper,100.0,True
591,Domino's Pizza USA,33.75,False
592,Dominos Game ‚úîÔ∏è,2.5,False
593,"Domofond –ù–µ–¥–≤–∏–∂–∏–º–æ—Å—Ç—å. –ö—É–ø–∏—Ç—å, —Å–Ω—è—Ç—å –∫–≤–∞—Ä—Ç–∏—Ä—É.",2.56,False
594,Doodle Jump,10.0,False
595,Door Lock Screen,2.5,False
596,DoorDash - Food Delivery,0.0,False
597,Dosecast - Medication Reminder,5.0,False
598,Down Dog: Great Yoga Anywhere,0.0,False
599,Dr. Oetker Rezeptideen,5.26,False
600,Dr. Panda & Toto's Treehouse,10.0,False
601,Dr. Panda Restaurant 3,15.0,False
602,Dr. Panda Town: Vacation,12.5,False
603,DraftKings - Daily Fantasy Sports,10.0,False
604,Dragon Hills,62.5,False
605,Dragon Sim Online: Be A Dragon,100.0,True
606,DramaFever: Stream Asian Drama Shows & Movies,100.0,True
607,Draw A Stickman,99.0,True
608,Draw In,97.5,True
609,Draw Your Game,98.0,True
610,Draw a Stickman: EPIC 2,99.0,True
611,Draw.ly - Color by Number Pixel Art Coloring,100.0,True
612,Drawing Clothes Fashion Ideas,100.0,True
613,Drawing for Kids Learning Games for Toddlers age 3,97.5,True
614,Dream League Soccer 2018,97.86,True
615,DreamMapper,100.0,True
616,DreamTrips,15.0,False
617,DreamWorks Friends,17.5,False
618,Dresses Ideas & Fashions +3000,6.45,False
619,Droid Zap by Motorola,0.0,False
620,DroidAdmin for Android - Advice,2.5,False
621,Dropbox,5.0,False
622,Drugs.com Medication Guide,2.5,False
623,Dude Perfect 2,16.0,False
624,Dumb Ways to Die 2: The Games,7.5,False
625,Dungeon Hunter Champions: Epic Online Action RPG,0.0,False
626,Dunkin' Donuts,5.0,False
627,Duolingo: Learn Languages Free,0.0,False
628,DuraSpeed,7.5,False
629,E*TRADE Mobile,20.0,False
630,EMT Review Plus,100.0,True
631,EMT Tutor NREMT-B Study Guide,100.0,True
632,EMT-B Pocket Prep,100.0,True
633,ES File Explorer File Manager,100.0,True
634,ESPN,100.0,True
635,ESPN Fantasy Sports,100.0,True
636,Earn to Die 2,100.0,True
637,"Easy - taxi, car, ridesharing",54.0,False
638,Easy Hair Style Design,0.0,False
639,Easy Healthy Recipes,6.45,False
640,Easy Installer - Apps On SD,2.5,False
641,Easy Makeup Tutorials,10.0,False
642,Easy Origami Ideas,15.0,False
643,Easy Recipes,0.0,False
644,Easy Voice Recorder,2.5,False
645,EasyBib: Citation Generator,5.0,False
646,Eat Fit - Diet and Health Free,0.0,False
647,Eat24 Food Delivery & Takeout,0.0,False
648,EatStreet Food Delivery App,7.5,False
649,"Ebates: Cash Back, Coupons, Rewards & Savings",5.0,False
650,Ebook Reader,2.5,False
651,Ecobank Mobile Banking,2.5,False
652,Edmodo,12.5,False
653,Educational Games 4 Kids,5.0,False
654,Educational Games for Kids,10.0,False
655,El tiempo de AEMET,65.0,False
656,Elevate - Brain Training Games,100.0,True
657,EliteSingles ‚Äì Dating for Single Professionals,100.0,True
658,Elmo Calls by Sesame Street,100.0,True
659,Email TypeApp - Mail App,100.0,True
660,Emmanuella Funny Videos 2018,100.0,True
661,"Emoji Keyboard - Cute Emoji,GIF, Sticker, Emoticon",100.0,True
662,"Emoji keyboard - Cute Emoticons, GIF, Stickers",100.0,True
663,Endless Numbers,100.0,True
664,Endomondo - Running & Walking,100.0,True
665,English Dictionary - Offline,100.0,True
666,English Grammar Complete Handbook,100.0,True
667,English Grammar Test,100.0,True
668,English Persian Dictionary,100.0,True
669,English to Urdu Dictionary,100.0,True
670,English with Lingualeo,80.0,True
671,English-Myanmar Dictionary,5.0,False
672,Entel,2.5,False
673,Enterprise Rent-A-Car,2.5,False
674,Episode - Choose Your Story,11.11,False
675,Epocrates Plus,0.0,False
676,Equestria Girls,7.5,False
677,Essential Anatomy 3,0.0,False
678,Essential Resources,0.0,False
679,Etsy: Handmade & Vintage Goods,2.5,False
680,Etta Homes,2.5,False
681,Eurosport,5.0,False
682,"Eve Period Tracker - Love, Sex & Relationships App",35.0,False
683,"Even - organize your money, get paid early",65.0,False
684,Events High - Meet Your City!,100.0,True
685,Ever After High‚Ñ¢ Charmed Style,100.0,True
686,Everlance: Free Mileage Log,100.0,True
687,"Evernote ‚Äì Organizer, Planner for Notes & Memos",35.0,False
688,Evie Launcher,20.0,False
689,ExDialer - Dialer & Contacts,27.5,False
690,"Expedia Hotels, Flights & Car Rental Travel Deals",20.0,False
691,Expense IQ Money Manager,22.5,False
692,Experian - Free Credit Report,42.5,False
693,Extreme Car Driving Simulator,95.0,True
694,Extreme Coupon Finder,88.33,True
695,Extreme Match,16.0,False
696,Extreme Racing 2 - Real driving RC cars game!,10.0,False
697,EyeCloud,2.5,False
698,EyeEm - Camera & Photo Filter,7.5,False
699,EzCalculator,5.0,False
700,FBReader: Favorite Book Reader,2.5,False
701,FERZU - Furries Social Network,2.5,False
702,"FIFA - Tournaments, Soccer News & Live Scores",2.5,False
703,FINAL FANTASY BRAVE EXVIUS,5.0,False
704,FOSSIL Q: DESIGN YOUR DIAL,0.0,False
705,FOX,2.5,False
706,FOX NOW - On Demand & Live TV,8.33,False
707,"FOX Sports: Live Streaming, Scores & News",58.75,False
708,FP Notebook,100.0,True
709,FREE LIVE TALK,100.0,True
710,FREE Stock Market Trading Tips,100.0,True
711,FREEDOME VPN Unlimited anonymous Wifi Security,72.5,True
712,"FUN Keyboard ‚Äì Emoji Keyboard, Sticker,Theme & GIF",70.0,False
713,"Fabulous: Motivate Me! Meditate, Relax, Sleep",50.0,False
714,"Face Filter, Selfie Editor - Sweet Camera",57.5,False
715,Facebook,5.71,False
716,Facebook Ads Manager,12.5,False
717,Facebook Lite,27.5,False
718,Facebook Local,12.5,False
719,Facebook Pages Manager,15.0,False
720,Facetune - Ad Free,65.0,False
721,Fair: A New Way To Own A Car,100.0,True
722,Fake Call - Fake Caller ID,33.0,False
723,Fallout Shelter,20.0,False
724,Family Album Mitene: Private Photo & Video Sharing,2.5,False
725,Family Dollar,12.5,False
726,Family GPS Tracker and Chat + Baby Monitor Online,7.5,False
727,Family GPS tracker KidControl + GPS by SMS Locator,20.0,False
728,Family Locator - GPS Tracker,17.86,False
729,FamilySearch Tree,25.0,False
730,FanDuel: Daily Fantasy Sports,72.5,True
731,Fancy,100.0,True
732,Fancy Widgets,60.0,False
733,Fandango Movies - Times + Tickets,17.5,False
734,Fantasy Football,13.75,False
735,Fantasy Football & NFL News,15.0,False
736,Fantasy Football Manager (FPL),15.0,False
737,Farm Fruit Pop: Party Time,22.5,False
738,Farm Heroes Saga,50.0,False
739,FarmersOnly Dating,100.0,True
740,Farming Simulator 14,78.75,True
741,Farming Simulator 18,2.5,False
742,Fashion in Vogue,5.83,False
743,Fast News,2.5,False
744,Fast Scanner : Free PDF Scan,7.5,False
745,Fast Secure VPN,11.25,False
746,"FastMeet: Chat, Dating, Love",6.25,False
747,Fat Burning Workout - Home Weight lose,10.0,False
748,Fate/Grand Order (English),50.0,False
749,Faustop Sounds,100.0,True
750,Feed Baby - Baby Tracker,100.0,True
751,Fertility Friend Ovulation App,100.0,True
752,Fever,100.0,True
753,FidMe Loyalty Cards & Deals at Grocery Supermarket,72.5,True
754,File Browser by Astro (File Manager),70.0,False
755,File Explorer,42.5,False
756,File Manager,72.5,True
757,File Manager -- Take Command of Your Files Easily,45.0,False
758,Files Go by Google: Free up space on your phone,15.0,False
759,FilterGrid - Cam&Photo Editor,12.5,False
760,Filters for B Live,25.0,False
761,Filters for Selfie,37.0,False
762,Final Fantasy XV: A New Empire,20.0,False
763,Financial Times,25.0,False
764,Find Dining Restaurant Finder,82.5,True
765,Find Real Love ‚Äî YouLove Premium Dating,100.0,True
766,Find a Way: Addictive Puzzle,70.0,False
767,Find&Save - Local Shopping,22.5,False
768,FindShip,15.0,False
769,Firefox Browser fast & private,22.5,False
770,Firefox Focus: The privacy browser,20.0,False
771,Fishdom,31.67,False
772,Fitbit,85.0,True
773,Fitbit Coach,100.0,True
774,Flashlight,56.25,False
775,Flashlight & LED Torch,37.5,False
776,Flashlight - Torch LED Light,25.0,False
777,Flashlight HD LED,27.5,False
778,Flickr,20.0,False
779,Flight & Hotel Booking App - ixigo,17.5,False
780,Flightradar24 Flight Tracker,20.0,False
781,Flights,35.0,False
782,Flip the Gun - Simulator Game,35.0,False
783,FlipaClip - Cartoon animation,90.0,True
784,Flipboard: News For Our Time,89.17,True
785,Flipkart Online Shopping App,30.0,False
786,Flipp - Weekly Shopping,22.5,False
787,Flippy Campus - Buy & sell on campus at a discount,15.0,False
788,FlirtChat - ‚ô•Free Dating/Flirting App‚ô•,12.5,False
789,Floor Plan Creator,7.5,False
790,Flow Free,30.0,False
791,Flowers Live Wallpaper,17.5,False
792,Fly Delta,11.25,False
793,FollowMyHealth¬Æ,5.0,False
794,Font Studio- Photo Texts Image,15.0,False
795,Food Calorie Calculator,10.87,False
796,Food Network,11.25,False
797,Fooducate Healthy Weight Loss & Calorie Counter,7.5,False
798,"Foot Mercato : transferts, r√©sultats, news, live",10.0,False
799,Football Live Scores,15.0,False
800,ForecaWeather,5.0,False
801,Fortune City - A Finance App,52.0,False
802,FotMob - Live Soccer Scores,100.0,True
803,Fotor Photo Editor - Photo Collage & Photo Effects,100.0,True
804,Four In A Line,39.0,False
805,Four In A Line Free,32.5,False
806,Foursquare City Guide,30.0,False
807,Foursquare Swarm: Check In,27.5,False
808,Fox Business,15.0,False
809,"Fox News ‚Äì Breaking News, Live Video & News Alerts",12.5,False
810,Fraction Calculator Plus Free,22.5,False
811,Free & Premium VPN - FinchVPN,69.0,False
812,Free Book Reader,100.0,True
813,Free Books - Spirit Fanfiction and Stories,100.0,True
814,Free Dating & Flirt Chat - Choice of Love,56.25,False
815,Free Dating App & Flirt Chat - Cheers,20.0,False
816,Free Dating App & Flirt Chat - Match with Singles,17.5,False
817,Free Dating App - Meet Local Singles - Flirt Chat,16.25,False
818,"Free Dating App - YoCutie - Flirt, Chat & Meet",26.25,False
819,Free Dating Hook Up Messenger,20.0,False
820,Free Foreclosure Real Estate Search by USHUD.com,7.5,False
821,Free Hypnosis,62.5,False
822,Free Live Talk-Video Call,97.5,True
823,Free Meditation - Take a Break,100.0,True
824,"Free Messages, Video, Chat,Text for Messenger Plus",100.0,True
825,Free Panda Radio Music,85.0,True
826,Free Sports TV,32.5,False
827,"Free TV Shows App:News, TV Series, Episode, Movies",7.5,False
828,Free VIN Report for Used Cars,12.5,False
829,Free live weather on screen,5.0,False
830,"Free phone calls, free texting SMS on free number",10.0,False
831,FreePrints ‚Äì Free Photos Delivered,10.0,False
832,Freeletics: Personal Trainer & Fitness Workouts,20.0,False
833,Freeme Launcher‚ÄîStylish Theme,12.5,False
834,Fresh EBT - Food Stamp Balance,15.0,False
835,FreshBooks Classic,3.75,False
836,Frontback - Social Photos,10.0,False
837,Frozen Free Fall,25.0,False
838,Fruit Block - Puzzle Legend,97.5,True
839,Fruit Boom,100.0,True
840,Fruit Cube Blast,100.0,True
841,Fruit Ninja¬Æ,69.0,False
842,Fruits Bomb,43.57,False
843,Fuelio: Gas log & costs,12.0,False
844,Full Screen Caller ID,22.5,False
845,Fun Kid Racing,17.5,False
846,Fun Kid Racing - Motocross,25.0,False
847,Funny Alarm Clock Ringtones,32.5,False
848,Funny Pics,62.5,False
849,Funny Quotes Free,100.0,True
850,Funny Ringtones,100.0,True
851,Futbol24,100.0,True
852,Fuzzy Seasons: Animal Forest,65.0,False
853,G Cloud Backup,27.5,False
854,GANMA! - „Ç™„É™„Ç∏„Éä„É´Êº´Áîª„ÅåÂÖ®Ë©±ÁÑ°Êñô„ÅßË™≠„ÅøÊîæÈ°å,22.5,False
855,"GCash - Buy Load, Pay Bills, Send Money",17.5,False
856,GMAT Math Flashcards,10.0,False
857,GMAT Question Bank,15.0,False
858,GMX Mail,25.0,False
859,"GO Keyboard - Cute Emojis, Themes and GIFs",27.5,False
860,"GO Keyboard - Emoticon keyboard, Free Theme, GIF",17.5,False
861,GO Notifier,15.0,False
862,"GO SMS Pro - Messenger, Free Themes, Emoji",35.0,False
863,"GO Weather - Widget, Theme, Wallpaper, Efficient",45.0,False
864,GPS Map Free,97.5,True
865,GPS Navigation & Offline Maps Sygic,100.0,True
866,GPS Speedometer - Trip Meter - Altimeter,100.0,True
867,GPS Speedometer and Odometer,90.0,True
868,"GPS Speedometer, Distance Meter",20.0,False
869,GPS Status & Toolbox,12.5,False
870,GPS Traffic Speedcam Route Planner by ViaMichelin,10.0,False
871,GRE Flashcards,10.0,False
872,GRE Prep & Practice by Magoosh,10.0,False
873,GRE Tutor,2.5,False
874,GS SHOP,5.0,False
875,GUNSHIP BATTLE: Helicopter 3D,15.0,False
876,Galactic Core Free Wallpaper,10.0,False
877,Galaxy Attack: Alien Shooter,25.56,False
878,Galaxy Gift,100.0,True
879,Galaxy Live Wallpaper,100.0,True
880,Game for KIDS: KIDS match'em,100.0,True
881,Game of Thrones: Conquest‚Ñ¢,77.5,True
882,"Gametime - Tickets to Sports, Concerts, Theater",7.5,False
883,Garden Coloring Book,10.0,False
884,Garden Fruit Legend,2.5,False
885,Garden Photo Frames - Garden Photo Editor,2.5,False
886,Gardenscapes,5.0,False
887,Garena Free Fire,7.5,False
888,Garmin Connect‚Ñ¢,0.0,False
889,GasBuddy: Find Cheap Gas,0.0,False
890,Gay Sugar Daddy Dating & Hookup ‚Äì Sudy Gay,2.5,False
891,Gboard - the Google Keyboard,5.0,False
892,Gems or jewels ?,2.5,False
893,Genius Scan - PDF Scanner,83.75,True
894,Geo Tracker - GPS tracker,100.0,True
895,Geocaching¬Æ,100.0,True
896,Geometry Dash World,100.0,True
897,Ghostery Privacy Browser,100.0,True
898,GialloZafferano: le Ricette,100.0,True
899,Girls Hairstyles,100.0,True
900,Girls Live Chat - Free Text & Video Chat,100.0,True
901,Girls Online Talk - Free Text and Video Chat,100.0,True
902,Girls' Frontline,100.0,True
903,Girly Lock Screen Wallpaper with Quotes,100.0,True
904,Girly Wallpapers Backgrounds,100.0,True
905,Glam - Premium Dating App,100.0,True
906,GlassesOff,100.0,True
907,Glide - Video Chat Messenger,100.0,True
908,Glow Hockey,100.0,True
909,Glowing Flowers Live Wallpaper,100.0,True
910,Gmail,20.0,False
911,GoBank,2.5,False
912,GoPro (formerly Capture),2.5,False
913,Goal Live Scores,0.0,False
914,Goibibo - Flight Hotel Bus Car IRCTC Booking App,5.0,False
915,Goku Wallpaper Art,12.5,False
916,Gold Butterfly Keyboard Theme,2.5,False
917,Golden Dictionary (EN-AR),7.5,False
918,Golden Launcher,5.0,False
919,Goldstar: Live Event Tickets,0.0,False
920,Golf Channel,0.0,False
921,Golf GPS Rangefinder: Golf Pad,2.5,False
922,Golf GPS by SwingxSwing,0.0,False
923,GolfLogix GPS + Putt Breaks,2.5,False
924,"GolfNow: Tee Time Deals at Golf Courses, Golf GPS",5.0,False
925,Golfshot Plus: Golf GPS,0.0,False
926,Golfshot: Golf GPS + Tee Times,0.0,False
927,GoodRx Drug Prices and Coupons,7.5,False
928,Google,5.0,False
929,Google Ads,10.0,False
930,Google Allo,100.0,True
931,Google Analytics,100.0,True
932,Google Assistant,100.0,True
933,Google Assistant Go,100.0,True
934,Google Calendar,100.0,True
935,Google Chrome: Fast & Secure,100.0,True
936,Google Classroom,100.0,True
937,Google Docs,100.0,True
938,Google Drive,100.0,True
939,Google Duo - High Quality Video Calls,55.0,False
940,Google Earth,5.0,False
941,Google Fit - Fitness Tracking,0.0,False
942,Google Handwriting Input,5.0,False
943,Google Keep,0.0,False
944,Google My Business,2.5,False
945,Google News,2.5,False
946,Google PDF Viewer,0.0,False
947,Google Pay,2.5,False
948,Google Photos,13.18,False
949,Google Play Books,100.0,True
950,Google Play Games,100.0,True
951,Google Play Movies & TV,100.0,True
952,Google Primer,95.0,True
953,Google Sheets,100.0,True
954,Google Slides,97.5,True
955,Google Street View,95.0,True
956,Google Translate,98.43,True
957,Google Trips - Travel Planner,97.5,True
958,Google Voice,90.0,True
959,Google+,95.0,True
960,Granny,86.82,True
961,Graphing Calculator,1.25,False
962,Grim Soul: Dark Fantasy Survival,10.0,False
963,Groovebook Photo Books & Gifts,2.5,False
964,GroupMe,2.5,False
965,"Groupon - Shop Deals, Discounts & Coupons",0.0,False
966,Grubhub: Food Delivery,5.0,False
967,Guns of Glory,0.0,False
968,Gyft - Mobile Gift Card Wallet,0.0,False
969,H Pack,0.0,False
970,H TV,2.5,False
971,H&M,7.5,False
972,HBO GO: Stream with TV Package,37.5,False
973,HBO NOW: Stream TV & Movies,100.0,True
974,HD Camera,97.5,True
975,HD Camera - Best Cam with filters & panorama,70.0,False
976,HD Camera - Quick Snap Photo & Video,57.5,False
977,HD Camera Pro for Android,57.5,False
978,HD Camera Ultra,55.0,False
979,HD Camera for Android,35.0,False
980,HD Movie Video Player,22.5,False
981,HD Video Player,5.0,False
982,HD Widgets,22.5,False
983,HDFC Bank MobileBanking,12.5,False
984,HESI A2 Pocket Prep,25.0,False
985,HISTORY: Watch TV Show Full Episodes & Specials,49.17,False
986,HOTEL DEALS,100.0,True
987,"HSL - Tickets, route planner and information",100.0,True
988,HTC Calendar,92.5,True
989,HTC File Manager,47.5,False
990,HTC Gallery,30.0,False
991,HTC Help,0.0,False
992,HTC Lock Screen,2.5,False
993,HTC Mail,0.0,False
994,HTC Sense Input,0.0,False
995,HTC Sense Input-AR,0.0,False
996,HTC Service Ôºç DLNA,7.5,False
997,HTC Service‚ÄîVideo Player,0.0,False
998,HTC Social Plugin - Facebook,2.5,False
999,HTC Speak,2.5,False
1000,HTC Weather,5.0,False
1001,Hacker's Keyboard,0.0,False
1002,Hairstyles step by step,19.0,False
1003,Hamilton ‚Äî The Official App,10.0,False
1004,Hangouts,48.18,False
1005,Hangouts Dialer - Call Phones,100.0,True
1006,Happify,90.0,True
1007,Happy Birthday Songs Offline,57.5,False
1008,Happy Fruits Bomb - Cube Blast,37.5,False
1009,Happy Street,45.0,False
1010,Harkins Theatres,45.0,False
1011,Harry Potter: Hogwarts Mystery,32.5,False
1012,HauteLook,17.5,False
1013,Hay Day,39.0,False
1014,Haystack TV: Local & World News - Free,81.25,True
1015,Headspace: Meditation & Mindfulness,86.25,True
1016,Health and Nutrition Guide,20.0,False
1017,HealtheLife,0.0,False
1018,Healthy Recipes Free,2.5,False
1019,Helix Jump,9.0,False
1020,Hello Kitty Lunchbox,15.0,False
1021,Hello Kitty Nail Salon,18.75,False
1022,Hello Stars,33.0,False
1023,"HelloTalk ‚Äî Chat, Speak & Learn Foreign Languages",96.25,True
1024,Hemnet,100.0,True
1025,Henry Danger Crime Warp,100.0,True
1026,Hero Hunters,25.0,False
1027,"Herpes Dating: 1,000K+ Singles",20.0,False
1028,Herpes Positive Singles Dating,30.0,False
1029,"Hide App, Private Dating, Safe Chat - PrivacyHider",33.75,False
1030,"Hide Something - Photo, Video",25.0,False
1031,Hideman VPN,22.5,False
1032,High Blood Pressure Symptoms,7.5,False
1033,High-Powered Flashlight,15.0,False
1034,"High-Speed Camera (GIF,Burst)",32.5,False
1035,Hill Climb Racing,80.0,True
1036,Hill Climb Racing 2,20.0,False
1037,"Hily: Dating, Chat, Match, Meet & Hook up",15.0,False
1038,Hinge: Dating & Relationships,13.75,False
1039,HipChat - Chat Built for Teams,17.5,False
1040,Hipmunk Hotels & Flights,12.5,False
1041,Hitwe - meet people and chat,77.5,True
1042,Hiya - Caller ID & Block,100.0,True
1043,"Hola Launcher- Theme,Wallpaper",100.0,True
1044,"Hole19: Golf GPS App, Rangefinder & Scorecard",76.25,True
1045,Home Decor Showpiece Art making: Medium Difficulty,37.5,False
1046,Home Scouting¬Æ MLS Mobile,20.0,False
1047,Home Security Camera WardenCam - reuse old phones,35.0,False
1048,Home Street ‚Äì Home Design Game,43.0,False
1049,Home Workout - No Equipment,35.0,False
1050,Home Workout for Men - Bodybuilding,35.0,False
1051,"Home workouts - fat burning, abs, legs, arms,chest",80.0,True
1052,HomeAway Vacation Rentals,100.0,True
1053,HomeWork,97.5,True
1054,"Homes.com üè† For Sale, Rent",47.5,False
1055,Homescapes,35.0,False
1056,Homesnap Real Estate & Rentals,12.5,False
1057,Homestyler Interior Design & Decorating Ideas,15.0,False
1058,Homework Planner,7.5,False
1059,Honkai Impact 3rd,5.0,False
1060,Hopper - Watch & Book Flights,5.0,False
1061,Horoscopes ‚Äì Daily Zodiac Horoscope and Astrology,12.5,False
1062,Horses Live Wallpaper,17.5,False
1063,Hostelworld: Hostels & Cheap Hotels Travel App,18.75,False
1064,Hot Wheels: Race Off,75.0,True
1065,Hot or Not - Find someone right now,100.0,True
1066,HotelTonight: Book amazing deals at great hotels,29.44,False
1067,Hotels Combined - Cheap deals,10.0,False
1068,Hotels.com: Book Hotel Rooms & Find Vacation Deals,15.0,False
1069,Hotspot Shield Free VPN Proxy & Wi-Fi Security,15.0,False
1070,Hotstar,20.0,False
1071,Hotwire Hotel & Car Rental App,17.5,False
1072,Housing-Real Estate & Property,47.5,False
1073,Houzz Interior Design Ideas,100.0,True
