,App,Negative,Neutral,Positive,most_reviews
0,10 Best Foods for You,10.0,22.0,162.0,Positive
1,104 ÊâæÂ∑•‰Ωú - ÊâæÂ∑•‰Ωú ÊâæÊâìÂ∑• ÊâæÂÖºËÅ∑ Â±•Ê≠∑ÂÅ•Ê™¢ Â±•Ê≠∑Ë®∫ÁôÇÂÆ§,1.0,8.0,31.0,Positive
2,11st,7.0,9.0,23.0,Positive
3,1800 Contacts - Lens Store,6.0,10.0,64.0,Positive
4,1LINE ‚Äì One Line with One Touch,8.0,3.0,27.0,Positive
5,2018Emoji Keyboard üòÇ Emoticons Lite -sticker&gif,1.0,6.0,25.0,Positive
6,21-Day Meditation Experience,10.0,2.0,68.0,Positive
7,"2Date Dating App, Love and matching",7.0,5.0,26.0,Positive
8,2GIS: directory & navigator,6.0,11.0,23.0,Positive
9,2RedBeans,2.0,6.0,31.0,Positive
10,2ndLine - Second Phone Number,7.0,16.0,17.0,Positive
11,30 Day Fitness Challenge - Workout at Home,2.0,2.0,27.0,Positive
12,365Scores - Live Scores,0.0,2.0,5.0,Positive
13,3D Live Neon Weed Launcher,0.0,0.0,2.0,Positive
14,4 in a Row,3.0,0.0,17.0,Positive
15,4K Wallpapers and Ultra HD Backgrounds,2.0,0.0,7.0,Positive
16,591ÊàøÂ±ã‰∫§Êòì-ÁßüÂ±ã„ÄÅ‰∏≠Âè§Â±ã„ÄÅÊñ∞Âª∫Ê°à„ÄÅÂØ¶ÂÉπÁôªÈåÑ„ÄÅÂà•Â¢ÖÈÄèÂ§©„ÄÅÂÖ¨ÂØìÂ•óÊàø„ÄÅÊç∑ÈÅã„ÄÅË≤∑ÊàøË≥£ÊàøË°åÊÉÖ„ÄÅÊàøÂÉπÊàøË≤∏Êü•Ë©¢,2.0,8.0,5.0,Neutral
17,591ÊàøÂ±ã‰∫§Êòì-È¶ôÊ∏Ø,1.0,3.0,5.0,Positive
18,7 Cups: Anxiety & Stress Chat,1.0,0.0,7.0,Positive
19,7 Day Food Journal Challenge,0.0,0.0,9.0,Positive
20,7 Minute Workout,1.0,0.0,10.0,Positive
21,7 Weeks - Habit & Goal Tracker,4.0,0.0,10.0,Positive
22,8 Ball Pool,106.0,9.0,104.0,Negative
23,850 Sports News Digest,1.0,0.0,38.0,Positive
24,8fit Workouts & Meal Planner,19.0,15.0,137.0,Positive
25,95Live -SG#1 Live Streaming App,20.0,24.0,34.0,Positive
26,A Call From Santa Claus!,14.0,0.0,20.0,Positive
27,A Word A Day,0.0,1.0,3.0,Positive
28,A&E - Watch Full Episodes of TV Shows,3.0,5.0,30.0,Positive
29,A+ Gallery - Photos & Videos,7.0,10.0,24.0,Positive
30,A+ Mobile,9.0,18.0,57.0,Positive
31,ABC Kids - Tracing & Phonics,1.0,6.0,30.0,Positive
32,ABC News - US & World News,29.0,23.0,18.0,Negative
33,ABC Preschool Free,8.0,9.0,19.0,Positive
34,ABCmouse.com,9.0,2.0,25.0,Positive
35,AC - Tips & News for Android‚Ñ¢,10.0,7.0,18.0,Positive
36,ACE Elite,4.0,7.0,22.0,Positive
37,"AD - Nieuws, Sport, Regio & Entertainment",3.0,3.0,13.0,Positive
38,AMC Theatres,1.0,0.0,5.0,Positive
39,ANA,11.0,10.0,6.0,Negative
40,"AOL - News, Mail & Video",7.0,9.0,17.0,Positive
41,AP Mobile - Breaking News,4.0,1.0,31.0,Positive
42,APE Weather ( Live Forecast),2.0,6.0,25.0,Positive
43,"APUS Launcher - Theme, Wallpaper, Hide Apps",4.0,2.0,25.0,Positive
44,ARY NEWS,6.0,9.0,18.0,Positive
45,ARY NEWS URDU,7.0,8.0,19.0,Positive
46,ASOS,6.0,8.0,52.0,Positive
47,ASUS Calling Screen,5.0,10.0,9.0,Neutral
48,ASUS Cover for ZenFone 2,1.0,2.0,3.0,Positive
49,ASUS Quick Memo,0.0,1.0,1.0,Neutral
50,ASUS Sound Recorder,2.0,1.0,13.0,Positive
51,ASUS SuperNote,5.0,4.0,14.0,Positive
52,"AT&T Navigator: Maps, Traffic",9.0,4.0,16.0,Positive
53,AT&T Smart Wi-Fi,1.0,8.0,11.0,Positive
54,AT&T Visual Voicemail,9.0,5.0,11.0,Positive
55,"AVG Cleaner ‚Äì Speed, Battery & Memory Booster",5.0,1.0,29.0,Positive
56,Abs Training-Burn belly fat,6.0,5.0,25.0,Positive
57,Account Manager,18.0,4.0,11.0,Negative
58,Accounting App - Zoho Books,6.0,9.0,56.0,Positive
59,AccuWeather: Daily Forecast & Live Weather Reports,5.0,4.0,23.0,Positive
60,Acorn TV: World-class TV from Britain and Beyond,7.0,2.0,14.0,Positive
61,Acorns - Invest Spare Change,1.0,2.0,2.0,Neutral
62,AdWords Express,2.0,28.0,20.0,Neutral
63,Ada - Your Health Guide,5.0,4.0,54.0,Positive
64,Add Text To Photo,6.0,10.0,18.0,Positive
65,Adobe Acrobat Reader,28.0,15.0,119.0,Positive
66,Adobe Photoshop Express:Photo Editor Collage Maker,8.0,2.0,32.0,Positive
67,Advanced Task Killer,3.0,1.0,11.0,Positive
68,Agar.io,66.0,10.0,60.0,Negative
69,Age Calculator,9.0,4.0,19.0,Positive
70,Agoda ‚Äì Hotel Booking Deals,2.0,3.0,30.0,Positive
71,Air Traffic,3.0,3.0,16.0,Positive
72,AirAsia,10.0,3.0,8.0,Negative
73,AirBrush: Easy Photo Editor,1.0,6.0,17.0,Positive
74,Airbnb,19.0,7.0,36.0,Positive
75,Airport + Flight Tracker Radar,7.0,2.0,13.0,Positive
76,Airway Ex - Intubate. Anesthetize. Train.,8.0,6.0,25.0,Positive
77,Akinator,18.0,1.0,19.0,Positive
78,AlReader -any text book reader,6.0,9.0,24.0,Positive
79,Alarm Clock,4.0,10.0,22.0,Positive
80,Alarm Clock Free,5.0,10.0,19.0,Positive
81,Alfred Home Security Camera,0.0,9.0,21.0,Positive
82,"AliExpress - Smarter Shopping, Better Living",16.0,0.0,29.0,Positive
83,All Email Providers,2.0,0.0,3.0,Positive
84,All Events in City,0.0,2.0,23.0,Positive
85,All Football - Latest News & Videos,3.0,2.0,27.0,Positive
86,"All Football GO- Live Score, Games",1.0,5.0,30.0,Positive
87,All Language Translator Free,0.0,6.0,24.0,Positive
88,All Maths Formulas,1.0,6.0,26.0,Positive
89,All Mental disorders,12.0,10.0,43.0,Positive
90,All Social Networks,17.0,5.0,12.0,Negative
91,All Video Downloader 2018,3.0,8.0,23.0,Positive
92,"All-In-One Toolbox: Cleaner, Booster, App Manager",4.0,3.0,15.0,Positive
93,All-in-One Mahjong 3 FREE,0.0,0.0,1.0,Positive
94,Allegiant,0.0,1.0,2.0,Positive
95,Allrecipes Dinner Spinner,3.0,0.0,16.0,Positive
96,Alto's Adventure,72.0,0.0,103.0,Positive
97,Amazon Drive,14.0,4.0,18.0,Positive
98,"Amazon FreeTime ‚Äì Kids‚Äô Videos, Books, & TV shows",3.0,4.0,28.0,Positive
99,Amazon Kindle,33.0,19.0,65.0,Positive
100,Amazon Prime Video,0.0,0.0,2.0,Positive
101,Amazon Shopping,13.0,10.0,22.0,Positive
102,Amazon for Tablets,7.0,3.0,10.0,Positive
103,American Airlines,19.0,4.0,20.0,Positive
104,Amex Mobile,8.0,8.0,20.0,Positive
105,Amino: Communities and Chats,12.0,0.0,23.0,Positive
106,Amtrak,16.0,12.0,11.0,Negative
107,Anatomy Learning - 3D Atlas,5.0,3.0,28.0,Positive
108,Ancestry,4.0,5.0,28.0,Positive
109,AndroZip‚Ñ¢ FREE File Manager,10.0,8.0,21.0,Positive
110,"Android Auto - Maps, Media, Messaging & Voice",1.0,0.0,30.0,Positive
111,Android Messages,16.0,4.0,23.0,Positive
112,Anger of stick 5 : zombie,1.0,0.0,2.0,Positive
113,Angry Birds 2,13.0,0.0,16.0,Positive
114,Angry Birds Classic,147.0,2.0,124.0,Negative
115,Angry Birds Rio,23.0,1.0,15.0,Negative
116,Animal Planet GO,3.0,4.0,14.0,Positive
117,Animated Photo Editor,4.0,10.0,21.0,Positive
118,Anime Avatar Creator: Make Your Own Avatar,9.0,1.0,18.0,Positive
119,Anime Manga Coloring Book,3.0,2.0,19.0,Positive
120,Anthem Anywhere,28.0,18.0,19.0,Negative
121,Anthem BC Anywhere,12.0,11.0,8.0,Negative
122,"Any.do: To-do list, Calendar, Reminders & Planner",13.0,11.0,74.0,Positive
123,Apartment Decorating Ideas,0.0,0.0,1.0,Positive
124,"Apartment List: Housing, Apt, and Property Rentals",2.0,3.0,42.0,Positive
125,"Apartment, Home Rental Search: Realtor.com Rentals",10.0,3.0,12.0,Positive
126,Apartments & Rentals - Zillow,2.0,14.0,28.0,Positive
127,Apartments.com Rental Search,19.0,18.0,32.0,Positive
128,Apex Launcher,16.0,7.0,37.0,Positive
129,Apk Installer,6.0,3.0,18.0,Positive
130,App vault,10.0,3.0,8.0,Negative
131,AppLock,7.0,0.0,6.0,Negative
132,AppLock - Fingerprint,3.0,0.0,16.0,Positive
133,Apple Daily ËòãÊûúÂãïÊñ∞ËÅû,9.0,12.0,13.0,Positive
134,Aprender ingl√©s con Wlingua,1.0,2.0,53.0,Positive
135,Archos File Manager,8.0,9.0,14.0,Positive
136,Arrow.io,28.0,14.0,53.0,Positive
137,Asana: organize team projects,5.0,5.0,33.0,Positive
138,Ascape VR: 360¬∞ Virtual Travel,4.0,4.0,10.0,Positive
139,Asphalt 8: Airborne,31.0,3.0,39.0,Positive
140,Associated Credit Union Mobile,1.0,4.0,30.0,Positive
141,Asteroids 3D live wallpaper,4.0,6.0,21.0,Positive
142,Atlan3D Navigation: Korea navigator,2.0,11.0,23.0,Positive
143,AutoCAD - DWG Viewer & Editor,12.0,8.0,16.0,Positive
144,AutoScout24 Switzerland ‚Äì Find your new car,3.0,4.0,30.0,Positive
145,Avakin Life - 3D virtual world,16.0,1.0,52.0,Positive
146,Aviary Effects: Classic,9.0,2.0,26.0,Positive
147,Aviary Stickers: Free Pack,12.0,2.0,23.0,Positive
148,Azar,25.0,29.0,38.0,Positive
149,Azpen eReader,4.0,4.0,15.0,Positive
150,B612 - Beauty & Filter Camera,5.0,2.0,9.0,Positive
151,BBC Media Player,11.0,1.0,12.0,Positive
152,BBC News,18.0,8.0,37.0,Positive
153,BBC Sport,8.0,8.0,33.0,Positive
154,BBM - Free Calls & Messages,8.0,9.0,18.0,Positive
155,BBVA Compass Banking,7.0,5.0,17.0,Positive
156,BBVA Spain,3.0,3.0,27.0,Positive
157,BBW Dating & Curvy Singles Chat- LargeFriends,16.0,14.0,45.0,Positive
158,BBW Dating & Plus Size Chat,27.0,15.0,69.0,Positive
159,BBWCupid - BBW Dating App,9.0,9.0,21.0,Positive
160,BELONG Beating Cancer Together,2.0,8.0,28.0,Positive
161,BEST CAR SOUNDS,3.0,9.0,25.0,Positive
162,BET NOW - Watch Shows,30.0,39.0,39.0,Neutral
163,BEYBLADE BURST app,17.0,3.0,16.0,Negative
164,BIG Launcher,5.0,9.0,26.0,Positive
165,BLK - Swipe. Match. Chat.,4.0,9.0,27.0,Positive
166,BZWBK24 mobile,4.0,5.0,14.0,Positive
167,BaBe - Baca Berita,1.0,4.0,10.0,Positive
168,BaBe Lite - Baca Berita Hemat Kuota,1.0,4.0,8.0,Positive
169,BaBe+ - Berita Indonesia,2.0,5.0,13.0,Positive
170,Babbel ‚Äì Learn Languages,3.0,11.0,34.0,Positive
171,Babbel ‚Äì Learn Spanish,5.0,1.0,33.0,Positive
172,Baby ABC in box! Kids alphabet games for toddlers!,6.0,2.0,29.0,Positive
173,Baby Monitor,4.0,4.0,27.0,Positive
174,Baby Name Together,6.0,6.0,25.0,Positive
175,Baby Panda Care,10.0,8.0,32.0,Positive
176,Baby Panda Learns Shapes,2.0,16.0,19.0,Positive
177,Baby Panda Musical Genius,4.0,11.0,22.0,Positive
178,Baby Panda‚Äôs Juice Shop,0.0,0.0,3.0,Positive
179,Baby Tiger Care - My Cute Virtual Pet Friend,0.0,4.0,5.0,Positive
180,Baby puzzles,14.0,4.0,16.0,Positive
181,"Baca- Berita Terbaru, Informasi, Gosip dan Politik",3.0,9.0,21.0,Positive
182,Backgrounds (HD Wallpapers),6.0,1.0,23.0,Positive
183,Backgrounds HD (Wallpapers),3.0,9.0,18.0,Positive
184,BaconReader for Reddit,8.0,1.0,24.0,Positive
185,Bad Piggies,37.0,3.0,37.0,Negative
186,Badoo - Free Chat & Dating App,27.0,35.0,58.0,Positive
187,Bagan - Myanmar Keyboard,2.0,9.0,21.0,Positive
188,Banco Ita√∫,9.0,13.0,18.0,Positive
189,Banco do Brasil,7.0,11.0,22.0,Positive
190,Bancomer m√≥vil,21.0,8.0,11.0,Negative
191,Banfield Pet Health Tracker,28.0,6.0,46.0,Positive
192,Bangla Newspaper ‚Äì Prothom Alo,7.0,11.0,20.0,Positive
193,Banjo,6.0,6.0,27.0,Positive
194,Bank of America Mobile Banking,6.0,4.0,22.0,Positive
195,BankMobile Vibe App,2.0,2.0,19.0,Positive
196,Banorte Movil,9.0,0.0,17.0,Positive
197,Banque Populaire,8.0,5.0,5.0,Negative
198,Barbie Life‚Ñ¢,2.0,6.0,11.0,Positive
199,Barbie Magical Fashion,13.0,0.0,18.0,Positive
200,Barbie‚Ñ¢ Fashion Closet,25.0,9.0,43.0,Positive
201,Barclays US for Android,15.0,10.0,15.0,Negative
202,Barcode Scanner,0.0,6.0,31.0,Positive
203,Baritastic - Bariatric Tracker,1.0,5.0,34.0,Positive
204,Baseball Boy!,20.0,0.0,20.0,Negative
205,Basketball FRVR - Shoot the Hoop and Slam Dunk!,12.0,7.0,16.0,Positive
206,Basketball Stars,41.0,4.0,44.0,Positive
207,Bathroom Decorating Ideas,6.0,9.0,25.0,Positive
208,Battlelands Royale,34.0,2.0,53.0,Positive
209,Be A Legend: Soccer,59.0,6.0,33.0,Negative
210,BeSoccer - Soccer Live Score,2.0,9.0,25.0,Positive
211,BeWild Free Dating & Chat App,6.0,1.0,31.0,Positive
212,Beautiful Design Birthday Cake,5.0,10.0,21.0,Positive
213,Beautiful Widgets Free,17.0,3.0,20.0,Positive
214,Beautiful Widgets Pro,5.0,2.0,30.0,Positive
215,Beauty Camera - Selfie Camera,8.0,5.0,23.0,Positive
216,Beauty Makeup Snappy Collage Photo Editor - Lidow,1.0,1.0,2.0,Positive
217,BeautyPlus - Easy Photo Editor & Selfie Camera,0.0,2.0,2.0,Neutral
218,Bed Time Fan - White Noise Sleep Sounds,0.0,0.0,1.0,Positive
219,Best Car Wallpapers,1.0,1.0,1.0,Negative
220,Best Fiends - Free Puzzle Game,0.0,0.0,1.0,Positive
221,Best Ovulation Tracker Fertility Calendar App Glow,0.0,0.0,1.0,Positive
222,"Best Wallpapers Backgrounds(100,000+ 4K HD)",0.0,4.0,6.0,Positive
223,Best Wallpapers QHD,4.0,1.0,30.0,Positive
224,"BestCam Selfie-selfie, beauty camera, photo editor",32.0,39.0,28.0,Neutral
225,BetterMe: Weight Loss Workouts,6.0,4.0,27.0,Positive
226,Betterment,8.0,7.0,25.0,Positive
227,BeyondMenu Food Delivery,2.0,1.0,35.0,Positive
228,BeyondPod Podcast Manager,7.0,1.0,32.0,Positive
229,Bible,7.0,9.0,81.0,Positive
230,Big Days - Events Countdown,5.0,7.0,24.0,Positive
231,"BigOven Recipes, Meal Planner, Grocery List & More",3.0,3.0,34.0,Positive
232,"BiggerCity: Chat for gay bears, chubs & chasers",10.0,3.0,27.0,Positive
233,Bike Computer - GPS Cycling Tracker,3.0,9.0,27.0,Positive
234,Binaural Beats Meditation,4.0,7.0,29.0,Positive
235,Binaural Beats Therapy,3.0,8.0,28.0,Positive
236,BioLife Plasma Services,9.0,6.0,24.0,Positive
237,Birdays ‚Äì Birthday reminder,1.0,3.0,33.0,Positive
238,Birds Sounds Ringtones & Wallpapers,1.0,9.0,27.0,Positive
239,Black People Meet Singles Date,4.0,5.0,19.0,Positive
240,Block Puzzle,71.0,0.0,83.0,Positive
241,Block Puzzle Classic Legend !,22.0,4.0,46.0,Positive
242,Blogaway for Android (Blogger),4.0,13.0,19.0,Positive
243,Blogger,6.0,1.0,31.0,Positive
244,Bloglovin',7.0,13.0,19.0,Positive
245,Blood Donor,2.0,11.0,26.0,Positive
246,Blood Pressure,4.0,4.0,31.0,Positive
247,Blood Pressure Log - MyDiary,3.0,2.0,35.0,Positive
248,Blood Pressure(BP) Diary,8.0,18.0,14.0,Neutral
249,Bloomberg Professional,11.0,14.0,15.0,Positive
250,Bloomberg: Market & Financial News,10.0,15.0,15.0,Neutral
251,Blossom Blast Saga,19.0,0.0,17.0,Negative
252,BluTV,1.0,8.0,16.0,Positive
253,Blur Image Background,1.0,2.0,8.0,Positive
254,Blur Image Background Editor (Blur Photo Editor),7.0,6.0,26.0,Positive
255,Booking.com Travel Deals,27.0,39.0,54.0,Positive
256,Bowmasters,119.0,24.0,169.0,Positive
257,Box,12.0,24.0,81.0,Positive
258,Boxed Wholesale,4.0,6.0,30.0,Positive
259,Boys Photo Editor - Six Pack & Men's Suit,5.0,10.0,23.0,Positive
260,Brain Waves - Binaural Beats,5.0,3.0,32.0,Positive
261,Branch,8.0,4.0,28.0,Positive
262,Brasileir√£o Pro 2018 - S√©rie A e B,3.0,3.0,34.0,Positive
263,"Breaking News, Local news, Attacks and Alerts Free",5.0,8.0,14.0,Positive
264,Brightest Flashlight Free ¬Æ,0.0,0.0,5.0,Positive
265,Brightest LED Flashlight,1.0,2.0,13.0,Positive
266,Brilliant,5.0,2.0,21.0,Positive
267,Brit + Co,2.0,4.0,10.0,Positive
268,British Airways,5.0,4.0,13.0,Positive
269,Browser 4G,1.0,10.0,23.0,Positive
270,Bualuang mBanking,11.0,12.0,11.0,Neutral
271,Bubble Shooter,40.0,5.0,100.0,Positive
272,Bubble Shooter 2,2.0,1.0,8.0,Positive
273,Bubble Shooter Genies,3.0,1.0,6.0,Positive
274,Bubble Shooter Space,7.0,3.0,14.0,Positive
275,Bubble Witch 3 Saga,11.0,1.0,19.0,Positive
276,Buienradar - weer,10.0,5.0,20.0,Positive
277,Build a Bridge!,27.0,9.0,50.0,Positive
278,Bukalapak - Jual Beli Online,15.0,2.0,14.0,Negative
279,BukuBayi - Perkembangan Bayi,1.0,4.0,21.0,Positive
280,Burner - Free Phone Number,1.0,0.0,5.0,Positive
281,Buscap√© - Ofertas e descontos,0.0,1.0,2.0,Positive
282,Business Calendar 2,4.0,3.0,18.0,Positive
283,Butterfly Live Wallpaper,0.0,8.0,20.0,Positive
284,Buzz Launcher-Smart&Free Theme,10.0,1.0,25.0,Positive
285,"BuzzFeed: News, Tasty, Quizzes",8.0,16.0,47.0,Positive
286,"B√ÅO M·ªöI - ƒê·ªçc B√°o, Tin T·ª©c 24h",9.0,7.0,18.0,Positive
287,C Programming,3.0,0.0,32.0,Positive
288,C++ Programming,10.0,2.0,24.0,Positive
289,C++ Tutorials,0.0,4.0,32.0,Positive
290,CAIXA,15.0,8.0,11.0,Negative
291,CALCU‚Ñ¢ Stylish Calculator Free,1.0,10.0,27.0,Positive
292,CATS: Crash Arena Turbo Stars,21.0,1.0,35.0,Positive
293,CBS News,0.0,1.0,0.0,Neutral
294,"CBS Sports App - Scores, News, Stats & Watch Live",42.0,27.0,123.0,Positive
295,CBS Sports Fantasy,9.0,11.0,34.0,Positive
296,CDL Practice Test 2018 Edition,1.0,2.0,21.0,Positive
297,CIA - Caller ID & Call Blocker,2.0,4.0,8.0,Positive
298,"CM Browser - Ad Blocker , Fast Download , Privacy",1.0,0.0,1.0,Negative
299,"CM Flashlight (Compass, SOS)",0.0,0.0,4.0,Positive
300,"CM Launcher 3D - Theme, Wallpapers, Efficient",2.0,4.0,12.0,Positive
301,CM Locker - Security Lockscreen,15.0,15.0,56.0,Positive
302,CMB Free Dating App,6.0,10.0,55.0,Positive
303,CNBC: Breaking Business News & Live Market Data,8.0,4.0,25.0,Positive
304,CNN Breaking US & World News,41.0,6.0,65.0,Positive
305,COOKING MAMA Let's Cook!,6.0,4.0,26.0,Positive
306,CVS Caremark,6.0,10.0,23.0,Positive
307,CW Seed,5.0,6.0,25.0,Positive
308,CWT To Go,6.0,4.0,28.0,Positive
309,Cache Cleaner-DU Speed Booster (booster & cleaner),2.0,8.0,16.0,Positive
310,Caf - Mon Compte,0.0,0.0,1.0,Positive
311,"Calculator - free calculator, multi calculator app",1.0,2.0,1.0,Neutral
312,Calculator - unit converter,0.0,0.0,1.0,Positive
313,Calculator Plus Free,0.0,0.0,2.0,Positive
314,Calculator with Percent (Free),0.0,1.0,1.0,Neutral
315,Calendar Widget Month + Agenda,0.0,1.0,1.0,Neutral
316,Calendar+ Schedule Planner App,0.0,0.0,1.0,Positive
317,Call Blocker,2.0,0.0,1.0,Negative
318,Call Control - Call Blocker,1.0,2.0,0.0,Neutral
319,Call of Duty:Black Ops Zombies,3.0,0.0,0.0,Negative
320,"CallApp: Caller ID, Blocker & Phone Call Recorder",0.0,0.0,1.0,Positive
321,Caller ID +,0.0,0.0,1.0,Positive
322,Calls & Text by Mo+,0.0,1.0,5.0,Positive
323,Calls Blacklist - Call Blocker,1.0,0.0,2.0,Positive
324,"Calm - Meditate, Sleep, Relax",7.0,2.0,56.0,Positive
325,Calorie Counter & Diet Tracker,17.0,9.0,109.0,Positive
326,Calorie Counter - EasyFit free,1.0,3.0,33.0,Positive
327,Calorie Counter - Macros,20.0,6.0,174.0,Positive
328,Calorie Counter - MyFitnessPal,52.0,33.0,169.0,Positive
329,Calorie Counter - MyNetDiary,4.0,15.0,120.0,Positive
330,Cameringo Lite. Filters Camera,0.0,1.0,8.0,Positive
331,Candy Bomb,4.0,6.0,62.0,Positive
332,"Candy Camera - selfie, beauty camera, photo editor",24.0,17.0,73.0,Positive
333,Candy Crush Jelly Saga,44.0,8.0,21.0,Negative
334,Candy Crush Saga,126.0,12.0,102.0,Negative
335,Candy Crush Soda Saga,96.0,8.0,62.0,Negative
336,Candy Day,6.0,6.0,26.0,Positive
337,Candy Pop Story,13.0,5.0,22.0,Positive
338,Candy Smash,8.0,4.0,28.0,Positive
339,"Candy selfie - photo editor, live filter camera",2.0,10.0,21.0,Positive
340,"Canva: Poster, banner, card maker & graphic design",3.0,5.0,30.0,Positive
341,Canvas Student,1.0,1.0,2.0,Positive
342,Cat Sim Online: Play with Cats,14.0,2.0,45.0,Positive
343,Caviar - Food Delivery,8.0,6.0,25.0,Positive
344,Chakra Cleansing,1.0,4.0,35.0,Positive
345,Championat,6.0,9.0,25.0,Positive
346,Chapters: Interactive Stories,7.0,1.0,30.0,Positive
347,Chase Mobile,16.0,1.0,23.0,Positive
348,"Chat Rooms, Avatars, Date - Galaxy",16.0,12.0,46.0,Positive
349,ChatVideo Meet new people,3.0,14.0,20.0,Positive
350,Cheap Flights & Hotels momondo,7.0,8.0,24.0,Positive
351,Cheap hotel deals and discounts ‚Äî Hotellook,4.0,11.0,24.0,Positive
352,"CheapTickets ‚Äì Hotels, Flights & Travel Deals",6.0,4.0,27.0,Positive
353,Cheapflights ‚Äì Flight Search,4.0,7.0,28.0,Positive
354,CheckPoints üèÜ Rewards App,6.0,6.0,28.0,Positive
355,Checkers ‚úîÔ∏è,13.0,5.0,18.0,Positive
356,Checkout 51: Grocery coupons,3.0,2.0,21.0,Positive
357,Choice Hotels,2.0,1.0,7.0,Positive
358,Choices: Stories You Play,18.0,0.0,21.0,Positive
359,Christian Dating For Free App,22.0,4.0,50.0,Positive
360,Chrome Beta,4.0,12.0,22.0,Positive
361,Chrome Dev,6.0,8.0,25.0,Positive
362,Cinemark Theatres,10.0,10.0,20.0,Positive
363,Cisco Webex Meetings,11.0,6.0,22.0,Positive
364,Cisco Webex Teams,14.0,8.0,18.0,Positive
365,Citi Mobile¬Æ,18.0,2.0,20.0,Positive
366,Citibanamex Movil,9.0,6.0,24.0,Positive
367,Citizens Bank Mobile Banking,19.0,2.0,18.0,Negative
368,CityMaps2Go Plan Trips Travel Guide Offline Maps,4.0,4.0,32.0,Positive
369,Claro,14.0,15.0,11.0,Neutral
370,Clash Royale,58.0,0.0,107.0,Positive
371,Clash of Clans,10.0,0.0,23.0,Positive
372,Color Flashlight,2.0,2.0,7.0,Positive
373,Color Road,22.0,1.0,14.0,Negative
374,Color Touch Effects,8.0,11.0,19.0,Positive
375,Color by Number - Draw Sandbox Pixel Art,17.0,20.0,55.0,Positive
376,Color by Number ‚Äì New Coloring Book,4.0,0.0,33.0,Positive
377,ColorFil - Adult Coloring Book,6.0,2.0,24.0,Positive
378,ColorNote Notepad Notes,7.0,3.0,121.0,Positive
379,ColorSnap¬Æ Visualizer,12.0,14.0,13.0,Neutral
380,Colorfit - Drawing & Coloring,8.0,1.0,29.0,Positive
381,Colorful Glitter Neon Butterfly Keyboard Theme,7.0,8.0,17.0,Positive
382,Colorfy: Coloring Book for Adults - Free,45.0,7.0,81.0,Positive
383,Coloring & Learn,3.0,4.0,31.0,Positive
384,Coloring book moana,14.0,4.0,26.0,Positive
385,Comedy Central,12.0,26.0,42.0,Positive
386,Common Core,4.0,0.0,4.0,Negative
387,Comptia A+ 220-901 & 220-902,0.0,3.0,26.0,Positive
388,ConnectLine,5.0,7.0,26.0,Positive
389,Contacts,13.0,9.0,16.0,Positive
390,Contacts+,1.0,10.0,27.0,Positive
391,Content Transfer,9.0,9.0,22.0,Positive
392,ConvertPad - Unit Converter,9.0,2.0,29.0,Positive
393,Cookbook Recipes,0.0,2.0,35.0,Positive
394,Cooking Channel,4.0,6.0,29.0,Positive
395,Cooking Fever,79.0,1.0,55.0,Negative
396,Cooking Madness - A Chef's Restaurant Games,17.0,0.0,20.0,Positive
397,Cookpad,7.0,3.0,26.0,Positive
398,Cool Popular Ringtones 2018 üî•,10.0,2.0,24.0,Positive
399,Cool Reader,11.0,3.0,24.0,Positive
400,Couch to 10K Running Trainer,2.0,2.0,36.0,Positive
401,Couch to 5K by RunDouble,4.0,7.0,28.0,Positive
402,Couchsurfing Travel App,6.0,4.0,29.0,Positive
403,Cougar Dating Life : Date Older Women Sugar Mummy,16.0,6.0,56.0,Positive
404,Couple - Relationship App,0.0,0.0,23.0,Positive
405,Credit Karma,5.0,3.0,27.0,Positive
406,Credit Sesame,10.0,7.0,21.0,Positive
407,CreditWise from Capital One,7.0,3.0,28.0,Positive
408,Crew - Free Messaging and Scheduling,4.0,4.0,72.0,Positive
409,Cricbuzz - Live Cricket Scores & News,11.0,1.0,26.0,Positive
410,Cricket Visual Voicemail,16.0,4.0,20.0,Positive
411,Crossy Road,12.0,12.0,67.0,Positive
412,Crunchyroll - Everything Anime,15.0,0.0,105.0,Positive
413,Current debit card and app made for teens,1.0,5.0,34.0,Positive
414,Curriculum vitae App CV Builder Free Resume Maker,2.0,6.0,30.0,Positive
415,Curso de Ingles Gratis,0.0,3.0,34.0,Positive
416,Cut the Rope 2,19.0,7.0,64.0,Positive
417,Cut the Rope FULL FREE,14.0,0.0,14.0,Negative
418,Cycling - Bike Tracker,4.0,2.0,19.0,Positive
419,"Cymera Camera- Photo Editor, Filter,Collage,Layout",3.0,15.0,60.0,Positive
420,Czech Public Transport IDOS,2.0,7.0,19.0,Positive
421,DC Comics,1.0,1.0,33.0,Positive
422,DC Super Hero Girls‚Ñ¢,9.0,3.0,90.0,Positive
423,DEAD TARGET: FPS Zombie Apocalypse Survival Games,47.0,12.0,66.0,Positive
424,DEER HUNTER 2018,3.0,0.0,0.0,Negative
425,DELISH KITCHEN - ÁÑ°Êñô„É¨„Ç∑„ÉîÂãïÁîª„ÅßÊñôÁêÜ„ÇíÊ•Ω„Åó„Åè„ÉªÁ∞°Âçò„Å´ÔºÅ,0.0,4.0,21.0,Positive
426,DINO HUNTER: DEADLY SHORES,38.0,2.0,52.0,Positive
427,DIY Garden Ideas,2.0,4.0,28.0,Positive
428,DIY On A Budget,1.0,5.0,27.0,Positive
429,DMV Permit Practice Test 2018 Edition,2.0,2.0,30.0,Positive
430,DRAGON BALL LEGENDS,39.0,1.0,127.0,Positive
431,DSLR Camera Hd Ultra Professional,13.0,8.0,17.0,Positive
432,DStv Now,14.0,3.0,22.0,Positive
433,DU Browser‚ÄîBrowse fast & fun,8.0,0.0,32.0,Positive
434,"DU Recorder ‚Äì Screen Recorder, Video Editor, Live",11.0,5.0,42.0,Positive
435,Daily Workouts - Exercise Fitness Routine Trainer,0.0,0.0,1.0,Positive
436,Daily Yoga - Yoga Fitness Plans,2.0,0.0,10.0,Positive
437,"Dailyhunt (Newshunt) - Latest News, Viral Videos",3.0,0.0,1.0,Negative
438,Dairy Queen,0.0,1.0,2.0,Positive
439,Daniel Tiger for Parents,0.0,0.0,3.0,Positive
440,DashClock Widget,0.0,0.0,1.0,Positive
441,Dashlane Free Password Manager,1.0,0.0,1.0,Negative
442,"Dating App, Flirt & Chat : W-Match",0.0,4.0,2.0,Neutral
443,Dating for 50 plus Mature Singles ‚Äì FINALLY,0.0,2.0,5.0,Positive
444,Daum Mail - Îã§Ïùå Î©îÏùº,0.0,2.0,3.0,Positive
445,Davis's Drug Guide,1.0,1.0,1.0,Negative
446,Davis's Drug Guide for Nurses,0.0,1.0,2.0,Positive
447,Debonairs Pizza,2.0,1.0,3.0,Positive
448,"Delivery Club‚Äì–î–æ—Å—Ç–∞–≤–∫–∞ –µ–¥—ã:–ø–∏—Ü—Ü–∞,—Å—É—à–∏,–±—É—Ä–≥–µ—Ä,—Å–∞–ª–∞—Ç",6.0,8.0,10.0,Positive
449,Delta Dental,20.0,11.0,9.0,Negative
450,Despegar.com Hoteles y Vuelos,6.0,11.0,22.0,Positive
451,Detector de Radares Gratis,2.0,6.0,23.0,Positive
452,Device Help,8.0,9.0,20.0,Positive
453,Diabetes & Diet Tracker,4.0,4.0,66.0,Positive
454,Diabetes:M,2.0,4.0,33.0,Positive
455,Diamond Zipper Lock Screen,8.0,6.0,20.0,Positive
456,Diary with lock,10.0,2.0,87.0,Positive
457,Diary with lock password,7.0,7.0,38.0,Positive
458,Dictionary - Merriam-Webster,2.0,0.0,6.0,Positive
459,Die TK-App ‚Äì alles im Griff,5.0,6.0,16.0,Positive
460,Digg,13.0,2.0,18.0,Positive
461,DigiCal Calendar Agenda,5.0,2.0,16.0,Positive
462,Digit Save Money Automatically,2.0,13.0,41.0,Positive
463,Digital Alarm Clock,5.0,7.0,59.0,Positive
464,Dil Mil,11.0,10.0,13.0,Positive
465,Dino War: Rise of Beasts,6.0,5.0,16.0,Positive
466,Dinosaur Simulator: Dino World,6.0,2.0,5.0,Negative
467,Discover Mobile,1.0,0.0,0.0,Negative
468,Disney Heroes: Battle Mode,1.0,0.0,1.0,Negative
469,Disney Magic Kingdoms: Build Your Own Magical Park,16.0,0.0,31.0,Positive
470,DisneyNOW ‚Äì TV Shows & Games,10.0,4.0,49.0,Positive
471,Divar,9.0,9.0,19.0,Positive
472,Do It Later: Tasks & To-Dos,5.0,10.0,19.0,Positive
473,Docs To Go‚Ñ¢ Free Office Suite,11.0,15.0,46.0,Positive
474,Doctor On Demand,2.0,6.0,28.0,Positive
475,Doctor Pets,9.0,5.0,18.0,Positive
476,Dog Licks Screen Wallpaper,5.0,9.0,20.0,Positive
477,Dog Run - Pet Dog Simulator,13.0,4.0,56.0,Positive
478,Dog Sim Online: Raise a Family,2.0,0.0,2.0,Negative
479,Domino's Pizza USA,11.0,2.0,40.0,Positive
480,Dominos Game ‚úîÔ∏è,13.0,12.0,14.0,Positive
481,"Domofond –ù–µ–¥–≤–∏–∂–∏–º–æ—Å—Ç—å. –ö—É–ø–∏—Ç—å, —Å–Ω—è—Ç—å –∫–≤–∞—Ä—Ç–∏—Ä—É.",7.0,10.0,21.0,Positive
482,Doodle Jump,25.0,9.0,56.0,Positive
483,Door Lock Screen,0.0,7.0,32.0,Positive
484,DoorDash - Food Delivery,13.0,3.0,24.0,Positive
485,Dosecast - Medication Reminder,3.0,1.0,34.0,Positive
486,Down Dog: Great Yoga Anywhere,0.0,0.0,40.0,Positive
487,Dr. Oetker Rezeptideen,5.0,11.0,20.0,Positive
488,Dr. Panda & Toto's Treehouse,12.0,4.0,56.0,Positive
489,Dr. Panda Restaurant 3,15.0,2.0,17.0,Positive
490,Dr. Panda Town: Vacation,10.0,2.0,23.0,Positive
491,DraftKings - Daily Fantasy Sports,6.0,3.0,27.0,Positive
492,Dragon Hills,5.0,0.0,10.0,Positive
493,Draw A Stickman,1.0,0.0,0.0,Negative
494,Draw In,1.0,0.0,0.0,Negative
495,Draw Your Game,2.0,0.0,0.0,Negative
496,Draw a Stickman: EPIC 2,0.0,0.0,1.0,Positive
497,Drawing for Kids Learning Games for Toddlers age 3,0.0,0.0,1.0,Positive
498,Dream League Soccer 2018,1.0,0.0,2.0,Positive
499,DreamTrips,6.0,7.0,21.0,Positive
500,DreamWorks Friends,20.0,22.0,24.0,Positive
501,Dresses Ideas & Fashions +3000,1.0,5.0,23.0,Positive
502,Droid Zap by Motorola,16.0,9.0,15.0,Negative
503,DroidAdmin for Android - Advice,12.0,10.0,17.0,Positive
504,Dropbox,8.0,22.0,46.0,Positive
505,Drugs.com Medication Guide,3.0,4.0,32.0,Positive
506,Dude Perfect 2,22.0,5.0,57.0,Positive
507,Dumb Ways to Die 2: The Games,13.0,4.0,20.0,Positive
508,Dungeon Hunter Champions: Epic Online Action RPG,14.0,4.0,22.0,Positive
509,Dunkin' Donuts,3.0,3.0,32.0,Positive
510,Duolingo: Learn Languages Free,34.0,6.0,200.0,Positive
511,DuraSpeed,11.0,13.0,13.0,Neutral
512,E*TRADE Mobile,7.0,3.0,22.0,Positive
513,"Easy - taxi, car, ridesharing",5.0,13.0,28.0,Positive
514,Easy Hair Style Design,1.0,6.0,23.0,Positive
515,Easy Healthy Recipes,0.0,4.0,25.0,Positive
516,Easy Installer - Apps On SD,8.0,23.0,8.0,Neutral
517,Easy Makeup Tutorials,4.0,11.0,21.0,Positive
518,Easy Origami Ideas,11.0,6.0,17.0,Positive
519,Easy Recipes,5.0,12.0,23.0,Positive
520,Easy Voice Recorder,0.0,3.0,36.0,Positive
521,EasyBib: Citation Generator,10.0,13.0,15.0,Positive
522,Eat Fit - Diet and Health Free,21.0,14.0,55.0,Positive
523,Eat24 Food Delivery & Takeout,8.0,7.0,25.0,Positive
524,EatStreet Food Delivery App,0.0,6.0,31.0,Positive
525,"Ebates: Cash Back, Coupons, Rewards & Savings",5.0,7.0,26.0,Positive
526,Ebook Reader,4.0,3.0,32.0,Positive
527,Ecobank Mobile Banking,19.0,3.0,17.0,Negative
528,Edmodo,1.0,7.0,27.0,Positive
529,Educational Games 4 Kids,9.0,3.0,26.0,Positive
530,Educational Games for Kids,2.0,4.0,30.0,Positive
531,El tiempo de AEMET,0.0,6.0,8.0,Positive
532,English with Lingualeo,1.0,3.0,4.0,Positive
533,English-Myanmar Dictionary,1.0,7.0,30.0,Positive
534,Entel,13.0,16.0,10.0,Neutral
535,Enterprise Rent-A-Car,5.0,3.0,31.0,Positive
536,Episode - Choose Your Story,48.0,18.0,94.0,Positive
537,Epocrates Plus,6.0,5.0,29.0,Positive
538,Equestria Girls,30.0,2.0,42.0,Positive
539,Essential Anatomy 3,10.0,0.0,70.0,Positive
540,Essential Resources,5.0,4.0,31.0,Positive
541,Etsy: Handmade & Vintage Goods,12.0,8.0,58.0,Positive
542,Etta Homes,3.0,7.0,29.0,Positive
543,Eurosport,13.0,9.0,16.0,Positive
544,"Eve Period Tracker - Love, Sex & Relationships App",0.0,2.0,24.0,Positive
545,"Even - organize your money, get paid early",1.0,4.0,9.0,Positive
546,"Evernote ‚Äì Organizer, Planner for Notes & Memos",25.0,0.0,53.0,Positive
547,Evie Launcher,2.0,0.0,30.0,Positive
548,ExDialer - Dialer & Contacts,5.0,2.0,22.0,Positive
549,"Expedia Hotels, Flights & Car Rental Travel Deals",55.0,15.0,58.0,Positive
550,Expense IQ Money Manager,1.0,3.0,27.0,Positive
551,Experian - Free Credit Report,6.0,2.0,15.0,Positive
552,Extreme Car Driving Simulator,1.0,0.0,1.0,Negative
553,Extreme Coupon Finder,4.0,2.0,8.0,Positive
554,Extreme Match,18.0,9.0,57.0,Positive
555,Extreme Racing 2 - Real driving RC cars game!,13.0,8.0,15.0,Positive
556,EyeCloud,4.0,14.0,21.0,Positive
557,EyeEm - Camera & Photo Filter,7.0,6.0,24.0,Positive
558,EzCalculator,4.0,4.0,30.0,Positive
559,FBReader: Favorite Book Reader,6.0,5.0,28.0,Positive
560,FERZU - Furries Social Network,12.0,2.0,25.0,Positive
561,"FIFA - Tournaments, Soccer News & Live Scores",20.0,18.0,40.0,Positive
562,FINAL FANTASY BRAVE EXVIUS,11.0,0.0,27.0,Positive
563,FOSSIL Q: DESIGN YOUR DIAL,1.0,16.0,16.0,Neutral
564,FOX,22.0,12.0,44.0,Positive
565,FOX NOW - On Demand & Live TV,40.0,12.0,58.0,Positive
566,"FOX Sports: Live Streaming, Scores & News",5.0,6.0,22.0,Positive
567,FREEDOME VPN Unlimited anonymous Wifi Security,0.0,6.0,5.0,Neutral
568,"FUN Keyboard ‚Äì Emoji Keyboard, Sticker,Theme & GIF",0.0,5.0,7.0,Positive
569,"Fabulous: Motivate Me! Meditate, Relax, Sleep",6.0,3.0,31.0,Positive
570,"Face Filter, Selfie Editor - Sweet Camera",3.0,4.0,10.0,Positive
571,Facebook,60.0,19.0,53.0,Negative
572,Facebook Ads Manager,5.0,13.0,17.0,Positive
573,Facebook Lite,14.0,3.0,12.0,Negative
574,Facebook Local,10.0,5.0,20.0,Positive
575,Facebook Pages Manager,12.0,12.0,10.0,Negative
576,Facetune - Ad Free,5.0,4.0,33.0,Positive
577,Fake Call - Fake Caller ID,8.0,14.0,45.0,Positive
578,Fallout Shelter,4.0,1.0,27.0,Positive
579,Family Album Mitene: Private Photo & Video Sharing,2.0,4.0,33.0,Positive
580,Family Dollar,9.0,5.0,21.0,Positive
581,Family GPS Tracker and Chat + Baby Monitor Online,2.0,7.0,28.0,Positive
582,Family GPS tracker KidControl + GPS by SMS Locator,6.0,4.0,22.0,Positive
583,Family Locator - GPS Tracker,7.0,13.0,95.0,Positive
584,FamilySearch Tree,4.0,5.0,21.0,Positive
585,FanDuel: Daily Fantasy Sports,1.0,2.0,8.0,Positive
586,Fancy Widgets,3.0,0.0,13.0,Positive
587,Fandango Movies - Times + Tickets,15.0,4.0,47.0,Positive
588,Fantasy Football,21.0,17.0,31.0,Positive
589,Fantasy Football & NFL News,2.0,3.0,29.0,Positive
590,Fantasy Football Manager (FPL),3.0,7.0,24.0,Positive
591,Farm Fruit Pop: Party Time,6.0,6.0,19.0,Positive
592,Farm Heroes Saga,43.0,21.0,46.0,Positive
593,Farming Simulator 14,6.0,0.0,11.0,Positive
594,Farming Simulator 18,13.0,2.0,24.0,Positive
595,Fashion in Vogue,32.0,35.0,46.0,Positive
596,Fast News,7.0,4.0,28.0,Positive
597,Fast Scanner : Free PDF Scan,1.0,15.0,58.0,Positive
598,Fast Secure VPN,11.0,23.0,37.0,Positive
599,"FastMeet: Chat, Dating, Love",8.0,13.0,54.0,Positive
600,Fat Burning Workout - Home Weight lose,11.0,1.0,24.0,Positive
601,Fate/Grand Order (English),9.0,0.0,11.0,Positive
602,FidMe Loyalty Cards & Deals at Grocery Supermarket,2.0,3.0,6.0,Positive
603,File Browser by Astro (File Manager),3.0,2.0,7.0,Positive
604,File Explorer,3.0,6.0,14.0,Positive
605,File Manager,3.0,5.0,3.0,Neutral
606,File Manager -- Take Command of Your Files Easily,1.0,11.0,10.0,Neutral
607,Files Go by Google: Free up space on your phone,9.0,0.0,25.0,Positive
608,FilterGrid - Cam&Photo Editor,9.0,4.0,22.0,Positive
609,Filters for B Live,4.0,13.0,13.0,Neutral
610,Filters for Selfie,16.0,16.0,31.0,Positive
611,Final Fantasy XV: A New Empire,17.0,2.0,13.0,Negative
612,Financial Times,4.0,6.0,20.0,Positive
613,Find Dining Restaurant Finder,1.0,0.0,6.0,Positive
614,Find a Way: Addictive Puzzle,10.0,1.0,19.0,Positive
615,Find&Save - Local Shopping,7.0,4.0,20.0,Positive
616,FindShip,9.0,7.0,18.0,Positive
617,Firefox Browser fast & private,17.0,0.0,45.0,Positive
618,Firefox Focus: The privacy browser,4.0,6.0,54.0,Positive
619,Fishdom,42.0,0.0,81.0,Positive
620,Fitbit,1.0,0.0,5.0,Positive
621,Flashlight,3.0,4.0,28.0,Positive
622,Flashlight & LED Torch,0.0,15.0,10.0,Neutral
623,Flashlight - Torch LED Light,2.0,7.0,21.0,Positive
624,Flashlight HD LED,1.0,1.0,27.0,Positive
625,Flickr,19.0,10.0,35.0,Positive
626,Flight & Hotel Booking App - ixigo,6.0,6.0,21.0,Positive
627,Flightradar24 Flight Tracker,2.0,4.0,26.0,Positive
628,Flights,3.0,8.0,15.0,Positive
629,Flip the Gun - Simulator Game,12.0,0.0,14.0,Positive
630,FlipaClip - Cartoon animation,0.0,0.0,4.0,Positive
631,Flipboard: News For Our Time,0.0,3.0,10.0,Positive
632,Flipkart Online Shopping App,4.0,5.0,19.0,Positive
633,Flipp - Weekly Shopping,2.0,0.0,29.0,Positive
634,Flippy Campus - Buy & sell on campus at a discount,0.0,8.0,26.0,Positive
635,FlirtChat - ‚ô•Free Dating/Flirting App‚ô•,2.0,17.0,51.0,Positive
636,Floor Plan Creator,3.0,8.0,26.0,Positive
637,Flow Free,49.0,4.0,101.0,Positive
638,Flowers Live Wallpaper,4.0,8.0,21.0,Positive
639,Fly Delta,10.0,14.0,47.0,Positive
640,FollowMyHealth¬Æ,6.0,0.0,32.0,Positive
641,Font Studio- Photo Texts Image,10.0,1.0,23.0,Positive
642,Food Calorie Calculator,8.0,17.0,16.0,Neutral
643,Food Network,24.0,16.0,31.0,Positive
644,Fooducate Healthy Weight Loss & Calorie Counter,2.0,5.0,30.0,Positive
645,"Foot Mercato : transferts, r√©sultats, news, live",3.0,7.0,26.0,Positive
646,Football Live Scores,2.0,4.0,28.0,Positive
647,ForecaWeather,5.0,4.0,29.0,Positive
648,Fortune City - A Finance App,4.0,3.0,41.0,Positive
649,Four In A Line,6.0,6.0,49.0,Positive
650,Four In A Line Free,4.0,5.0,18.0,Positive
651,Foursquare City Guide,6.0,7.0,15.0,Positive
652,Foursquare Swarm: Check In,12.0,8.0,9.0,Negative
653,Fox Business,9.0,3.0,22.0,Positive
654,"Fox News ‚Äì Breaking News, Live Video & News Alerts",42.0,8.0,55.0,Positive
655,Fraction Calculator Plus Free,5.0,2.0,24.0,Positive
656,Free & Premium VPN - FinchVPN,3.0,7.0,21.0,Positive
657,Free Dating & Flirt Chat - Choice of Love,11.0,14.0,10.0,Neutral
658,Free Dating App & Flirt Chat - Cheers,4.0,10.0,18.0,Positive
659,Free Dating App & Flirt Chat - Match with Singles,6.0,6.0,21.0,Positive
660,Free Dating App - Meet Local Singles - Flirt Chat,31.0,9.0,27.0,Negative
661,"Free Dating App - YoCutie - Flirt, Chat & Meet",9.0,14.0,36.0,Positive
662,Free Dating Hook Up Messenger,12.0,9.0,43.0,Positive
663,Free Foreclosure Real Estate Search by USHUD.com,14.0,9.0,14.0,Negative
664,Free Hypnosis,1.0,0.0,14.0,Positive
665,Free Live Talk-Video Call,1.0,0.0,0.0,Negative
666,Free Panda Radio Music,0.0,3.0,3.0,Neutral
667,Free Sports TV,7.0,4.0,16.0,Positive
668,"Free TV Shows App:News, TV Series, Episode, Movies",5.0,4.0,28.0,Positive
669,Free VIN Report for Used Cars,3.0,6.0,26.0,Positive
670,Free live weather on screen,2.0,7.0,29.0,Positive
671,"Free phone calls, free texting SMS on free number",7.0,4.0,25.0,Positive
672,FreePrints ‚Äì Free Photos Delivered,2.0,1.0,33.0,Positive
673,Freeletics: Personal Trainer & Fitness Workouts,1.0,11.0,20.0,Positive
674,Freeme Launcher‚ÄîStylish Theme,5.0,8.0,22.0,Positive
675,Fresh EBT - Food Stamp Balance,7.0,6.0,21.0,Positive
676,FreshBooks Classic,20.0,16.0,41.0,Positive
677,Frontback - Social Photos,8.0,7.0,21.0,Positive
678,Frozen Free Fall,25.0,6.0,29.0,Positive
679,Fruit Block - Puzzle Legend,1.0,0.0,0.0,Negative
680,Fruit Ninja¬Æ,6.0,3.0,22.0,Positive
681,Fruits Bomb,12.0,8.0,59.0,Positive
682,Fuelio: Gas log & costs,3.0,12.0,73.0,Positive
683,Full Screen Caller ID,1.0,9.0,21.0,Positive
684,Fun Kid Racing,4.0,5.0,24.0,Positive
685,Fun Kid Racing - Motocross,6.0,3.0,21.0,Positive
686,Funny Alarm Clock Ringtones,10.0,0.0,17.0,Positive
687,Funny Pics,1.0,1.0,13.0,Positive
688,Fuzzy Seasons: Animal Forest,3.0,0.0,11.0,Positive
689,G Cloud Backup,4.0,1.0,24.0,Positive
690,GANMA! - „Ç™„É™„Ç∏„Éä„É´Êº´Áîª„ÅåÂÖ®Ë©±ÁÑ°Êñô„ÅßË™≠„ÅøÊîæÈ°å,2.0,7.0,22.0,Positive
691,"GCash - Buy Load, Pay Bills, Send Money",8.0,15.0,10.0,Neutral
692,GMAT Math Flashcards,1.0,1.0,34.0,Positive
693,GMAT Question Bank,4.0,6.0,24.0,Positive
694,GMX Mail,3.0,4.0,23.0,Positive
695,"GO Keyboard - Cute Emojis, Themes and GIFs",1.0,13.0,15.0,Positive
696,"GO Keyboard - Emoticon keyboard, Free Theme, GIF",4.0,9.0,20.0,Positive
697,GO Notifier,8.0,5.0,21.0,Positive
698,"GO SMS Pro - Messenger, Free Themes, Emoji",4.0,9.0,13.0,Positive
699,"GO Weather - Widget, Theme, Wallpaper, Efficient",4.0,4.0,14.0,Positive
700,GPS Map Free,0.0,0.0,1.0,Positive
701,GPS Speedometer and Odometer,0.0,0.0,4.0,Positive
702,"GPS Speedometer, Distance Meter",5.0,3.0,24.0,Positive
703,GPS Status & Toolbox,3.0,6.0,26.0,Positive
704,GPS Traffic Speedcam Route Planner by ViaMichelin,6.0,5.0,25.0,Positive
705,GRE Flashcards,4.0,4.0,28.0,Positive
706,GRE Prep & Practice by Magoosh,1.0,7.0,28.0,Positive
707,GRE Tutor,2.0,5.0,32.0,Positive
708,GS SHOP,2.0,15.0,21.0,Positive
709,GUNSHIP BATTLE: Helicopter 3D,11.0,5.0,18.0,Positive
710,Galactic Core Free Wallpaper,5.0,1.0,30.0,Positive
711,Galaxy Attack: Alien Shooter,43.0,8.0,83.0,Positive
712,Game of Thrones: Conquest‚Ñ¢,2.0,1.0,6.0,Positive
713,"Gametime - Tickets to Sports, Concerts, Theater",2.0,2.0,33.0,Positive
714,Garden Coloring Book,10.0,16.0,64.0,Positive
715,Garden Fruit Legend,8.0,2.0,29.0,Positive
716,Garden Photo Frames - Garden Photo Editor,4.0,10.0,25.0,Positive
717,Gardenscapes,63.0,0.0,70.0,Positive
718,Garena Free Fire,81.0,5.0,136.0,Positive
719,Garmin Connect‚Ñ¢,9.0,4.0,27.0,Positive
720,GasBuddy: Find Cheap Gas,7.0,4.0,29.0,Positive
721,Gay Sugar Daddy Dating & Hookup ‚Äì Sudy Gay,16.0,12.0,50.0,Positive
722,Gboard - the Google Keyboard,34.0,2.0,40.0,Positive
723,Gems or jewels ?,8.0,9.0,22.0,Positive
724,Genius Scan - PDF Scanner,1.0,1.0,11.0,Positive
725,Gmail,22.0,9.0,33.0,Positive
726,GoBank,16.0,4.0,19.0,Positive
727,GoPro (formerly Capture),23.0,1.0,15.0,Negative
728,Goal Live Scores,9.0,4.0,27.0,Positive
729,Goibibo - Flight Hotel Bus Car IRCTC Booking App,4.0,7.0,27.0,Positive
730,Goku Wallpaper Art,1.0,9.0,25.0,Positive
731,Gold Butterfly Keyboard Theme,3.0,6.0,30.0,Positive
732,Golden Dictionary (EN-AR),3.0,9.0,25.0,Positive
733,Golden Launcher,1.0,6.0,31.0,Positive
734,Goldstar: Live Event Tickets,0.0,2.0,38.0,Positive
735,Golf Channel,19.0,9.0,12.0,Negative
736,Golf GPS Rangefinder: Golf Pad,6.0,2.0,31.0,Positive
737,Golf GPS by SwingxSwing,7.0,1.0,32.0,Positive
738,GolfLogix GPS + Putt Breaks,18.0,6.0,15.0,Negative
739,"GolfNow: Tee Time Deals at Golf Courses, Golf GPS",6.0,3.0,29.0,Positive
740,Golfshot Plus: Golf GPS,3.0,7.0,30.0,Positive
741,Golfshot: Golf GPS + Tee Times,6.0,14.0,60.0,Positive
742,GoodRx Drug Prices and Coupons,3.0,10.0,24.0,Positive
743,Google,3.0,7.0,28.0,Positive
744,Google Ads,18.0,13.0,41.0,Positive
745,Google Duo - High Quality Video Calls,2.0,1.0,15.0,Positive
746,Google Earth,10.0,5.0,23.0,Positive
747,Google Fit - Fitness Tracking,12.0,6.0,22.0,Positive
748,Google Handwriting Input,1.0,16.0,21.0,Positive
749,Google Keep,30.0,9.0,81.0,Positive
750,Google My Business,9.0,39.0,69.0,Positive
751,Google News,39.0,0.0,78.0,Positive
752,Google PDF Viewer,22.0,14.0,44.0,Positive
753,Google Pay,30.0,6.0,81.0,Positive
754,Google Photos,47.0,1.0,143.0,Positive
755,Google Primer,0.0,0.0,2.0,Positive
756,Google Slides,0.0,0.0,1.0,Positive
757,Google Street View,3.0,1.0,0.0,Negative
758,Google Translate,0.0,0.0,2.0,Positive
759,Google Trips - Travel Planner,0.0,0.0,1.0,Positive
760,Google Voice,0.0,4.0,4.0,Neutral
761,Google+,0.0,0.0,2.0,Positive
762,Granny,10.0,0.0,19.0,Positive
763,Graphing Calculator,13.0,14.0,52.0,Positive
764,Grim Soul: Dark Fantasy Survival,13.0,1.0,22.0,Positive
765,Groovebook Photo Books & Gifts,8.0,1.0,30.0,Positive
766,GroupMe,11.0,0.0,28.0,Positive
767,"Groupon - Shop Deals, Discounts & Coupons",10.0,15.0,95.0,Positive
768,Grubhub: Food Delivery,20.0,16.0,40.0,Positive
769,Guns of Glory,23.0,3.0,14.0,Negative
770,Gyft - Mobile Gift Card Wallet,48.0,18.0,54.0,Positive
771,H Pack,10.0,10.0,20.0,Positive
772,H TV,3.0,11.0,25.0,Positive
773,H&M,16.0,1.0,20.0,Positive
774,HBO GO: Stream with TV Package,17.0,2.0,6.0,Negative
775,HD Camera,0.0,1.0,0.0,Neutral
776,HD Camera - Best Cam with filters & panorama,2.0,2.0,8.0,Positive
777,HD Camera - Quick Snap Photo & Video,0.0,4.0,13.0,Positive
778,HD Camera Pro for Android,6.0,1.0,10.0,Positive
779,HD Camera Ultra,5.0,0.0,13.0,Positive
780,HD Camera for Android,2.0,10.0,40.0,Positive
781,HD Movie Video Player,8.0,2.0,21.0,Positive
782,HD Video Player,5.0,15.0,18.0,Positive
783,HD Widgets,8.0,0.0,23.0,Positive
784,HDFC Bank MobileBanking,9.0,1.0,25.0,Positive
785,HESI A2 Pocket Prep,1.0,6.0,23.0,Positive
786,HISTORY: Watch TV Show Full Episodes & Specials,10.0,2.0,49.0,Positive
787,HTC Calendar,2.0,0.0,1.0,Negative
788,HTC File Manager,3.0,13.0,5.0,Neutral
789,HTC Gallery,12.0,2.0,14.0,Positive
790,HTC Help,9.0,15.0,16.0,Positive
791,HTC Lock Screen,17.0,10.0,12.0,Negative
792,HTC Mail,11.0,5.0,24.0,Positive
793,HTC Sense Input,13.0,12.0,15.0,Positive
794,HTC Sense Input-AR,5.0,16.0,19.0,Positive
795,HTC Service Ôºç DLNA,10.0,8.0,19.0,Positive
796,HTC Service‚ÄîVideo Player,17.0,1.0,22.0,Positive
797,HTC Social Plugin - Facebook,20.0,5.0,14.0,Negative
798,HTC Speak,12.0,11.0,16.0,Positive
799,HTC Weather,10.0,6.0,22.0,Positive
800,Hacker's Keyboard,4.0,0.0,36.0,Positive
801,Hairstyles step by step,4.0,10.0,67.0,Positive
802,Hamilton ‚Äî The Official App,7.0,8.0,21.0,Positive
803,Hangouts,12.0,16.0,86.0,Positive
804,Happify,0.0,1.0,3.0,Positive
805,Happy Birthday Songs Offline,2.0,1.0,14.0,Positive
806,Happy Fruits Bomb - Cube Blast,7.0,5.0,13.0,Positive
807,Happy Street,8.0,1.0,13.0,Positive
808,Harkins Theatres,6.0,4.0,12.0,Positive
809,Harry Potter: Hogwarts Mystery,14.0,0.0,40.0,Positive
810,HauteLook,10.0,8.0,15.0,Positive
811,Hay Day,24.0,3.0,34.0,Positive
812,Haystack TV: Local & World News - Free,0.0,2.0,13.0,Positive
813,Headspace: Meditation & Mindfulness,0.0,2.0,9.0,Positive
814,Health and Nutrition Guide,6.0,18.0,88.0,Positive
815,HealtheLife,12.0,14.0,14.0,Neutral
816,Healthy Recipes Free,1.0,7.0,31.0,Positive
817,Helix Jump,58.0,6.0,209.0,Positive
818,Hello Kitty Lunchbox,12.0,3.0,19.0,Positive
819,Hello Kitty Nail Salon,27.0,0.0,38.0,Positive
820,Hello Stars,16.0,11.0,40.0,Positive
821,"HelloTalk ‚Äî Chat, Speak & Learn Foreign Languages",1.0,0.0,2.0,Positive
822,Hero Hunters,12.0,2.0,16.0,Positive
823,"Herpes Dating: 1,000K+ Singles",7.0,5.0,20.0,Positive
824,Herpes Positive Singles Dating,3.0,4.0,21.0,Positive
825,"Hide App, Private Dating, Safe Chat - PrivacyHider",24.0,8.0,21.0,Negative
826,"Hide Something - Photo, Video",5.0,4.0,21.0,Positive
827,Hideman VPN,9.0,10.0,12.0,Positive
828,High Blood Pressure Symptoms,5.0,4.0,28.0,Positive
829,High-Powered Flashlight,1.0,9.0,24.0,Positive
830,"High-Speed Camera (GIF,Burst)",3.0,6.0,18.0,Positive
831,Hill Climb Racing,13.0,0.0,31.0,Positive
832,Hill Climb Racing 2,11.0,6.0,47.0,Positive
833,"Hily: Dating, Chat, Match, Meet & Hook up",29.0,17.0,56.0,Positive
834,Hinge: Dating & Relationships,11.0,7.0,51.0,Positive
835,HipChat - Chat Built for Teams,26.0,21.0,19.0,Negative
836,Hipmunk Hotels & Flights,1.0,4.0,30.0,Positive
837,Hitwe - meet people and chat,7.0,0.0,2.0,Negative
838,"Hole19: Golf GPS App, Rangefinder & Scorecard",0.0,1.0,18.0,Positive
839,Home Decor Showpiece Art making: Medium Difficulty,5.0,4.0,16.0,Positive
840,Home Scouting¬Æ MLS Mobile,12.0,7.0,13.0,Positive
841,Home Security Camera WardenCam - reuse old phones,4.0,4.0,18.0,Positive
842,Home Street ‚Äì Home Design Game,13.0,2.0,42.0,Positive
843,Home Workout - No Equipment,1.0,1.0,24.0,Positive
844,Home Workout for Men - Bodybuilding,0.0,4.0,22.0,Positive
845,"Home workouts - fat burning, abs, legs, arms,chest",0.0,0.0,8.0,Positive
846,HomeWork,0.0,0.0,1.0,Positive
847,"Homes.com üè† For Sale, Rent",3.0,7.0,11.0,Positive
848,Homescapes,25.0,0.0,27.0,Positive
849,Homesnap Real Estate & Rentals,6.0,4.0,25.0,Positive
850,Homestyler Interior Design & Decorating Ideas,7.0,8.0,19.0,Positive
851,Homework Planner,4.0,0.0,33.0,Positive
852,Honkai Impact 3rd,22.0,0.0,54.0,Positive
853,Hopper - Watch & Book Flights,18.0,4.0,54.0,Positive
854,Horoscopes ‚Äì Daily Zodiac Horoscope and Astrology,1.0,13.0,21.0,Positive
855,Horses Live Wallpaper,2.0,9.0,22.0,Positive
856,Hostelworld: Hostels & Cheap Hotels Travel App,12.0,11.0,42.0,Positive
857,Hot Wheels: Race Off,6.0,0.0,14.0,Positive
858,HotelTonight: Book amazing deals at great hotels,17.0,17.0,93.0,Positive
859,Hotels Combined - Cheap deals,7.0,14.0,15.0,Positive
860,Hotels.com: Book Hotel Rooms & Find Vacation Deals,21.0,8.0,39.0,Positive
861,Hotspot Shield Free VPN Proxy & Wi-Fi Security,3.0,14.0,17.0,Positive
862,Hotstar,14.0,4.0,14.0,Negative
863,Hotwire Hotel & Car Rental App,6.0,11.0,16.0,Positive
864,Housing-Real Estate & Property,10.0,3.0,8.0,Negative
